user,repo,file,nbr of comits in the last year,nbr of commits in the last 6 month,nbr of commits in the last month,Data of creation,repos html url,
Dragauneau,-CezardRenan_3_20092021,gitlab-ci.yml,,,,2021-10-07,https://github.com/Dragauneau/-CezardRenan_3_20092021/blob/a64839ff460dcdb276206d56aa8138d6af7b3895/gitlab-ci.yml,api.github.com/repos/Dragauneau/-CezardRenan_3_20092021
MiaYWei,5G_ML,gitlab-ci-clang.yml,,,,2021-08-19,https://github.com/MiaYWei/5G_ML/blob/e789dbfb8c453169629448be6a65d99087e188db/ns-3-dev/utils/tests/gitlab-ci-clang.yml,api.github.com/repos/MiaYWei/5G_ML
julea-io,adios2,gitlab-ci-gitlabdotcom.yml,,,,2019-07-12,https://github.com/julea-io/adios2/blob/10ec6fcedee9c36cf3d84f6d85743ebb00539d24/.gitlab/gitlab-ci-gitlabdotcom.yml,api.github.com/repos/julea-io/adios2
d-e-s-o,apca,gitlab-ci.yml,,,,2020-04-21,https://github.com/d-e-s-o/apca/blob/3e1ec52ccf439bd491c42ce01851550813459a61/ci/gitlab-ci.yml,api.github.com/repos/d-e-s-o/apca
d-e-s-o,apcacli,gitlab-ci.yml,,,,2020-05-13,https://github.com/d-e-s-o/apcacli/blob/453b132a1af9afab17e23ba6850f04247db9b513/ci/gitlab-ci.yml,api.github.com/repos/d-e-s-o/apcacli
fare,asdf,gitlab-ci.yml,,,,2013-04-10,https://github.com/fare/asdf/blob/11a691c03eba55b718a154b673a7b77eb63eb244/gitlab-ci.yml,api.github.com/repos/fare/asdf
YunxiTang,BEATCPP,build.gitlab-ci.yml,,,,2020-12-12,https://github.com/YunxiTang/BEATCPP/blob/ebff7f9ea79126ffd96aa2a1e89a4bcfe788886a/eigen-3.4-rc1/ci/build.gitlab-ci.yml,api.github.com/repos/YunxiTang/BEATCPP
YunxiTang,BEATCPP,smoketests.gitlab-ci.yml,,,,2020-12-12,https://github.com/YunxiTang/BEATCPP/blob/ebff7f9ea79126ffd96aa2a1e89a4bcfe788886a/eigen-3.4-rc1/ci/smoketests.gitlab-ci.yml,api.github.com/repos/YunxiTang/BEATCPP
YunxiTang,BEATCPP,test.gitlab-ci.yml,,,,2020-12-12,https://github.com/YunxiTang/BEATCPP/blob/ebff7f9ea79126ffd96aa2a1e89a4bcfe788886a/eigen-3.4-rc1/ci/test.gitlab-ci.yml,api.github.com/repos/YunxiTang/BEATCPP
BerkeleyLab,Bedrock,oscope.gitlab-ci.yml,,,,2019-08-19,https://github.com/BerkeleyLab/Bedrock/blob/4955759741a2f84195ec5be0dbeec761385019a1/.gitlab/ci/oscope.gitlab-ci.yml,api.github.com/repos/BerkeleyLab/Bedrock
Qortal,Brooklyn,gitlab-ci.yml,,,,2021-05-26,https://github.com/Qortal/Brooklyn/blob/df8b07f6eaee6b4e018e5b49509daa8686fb1b50/mesa%203D%20driver/src/gallium/drivers/lima/ci/gitlab-ci.yml,api.github.com/repos/Qortal/Brooklyn
Qortal,Brooklyn,gitlab-ci.yml,,,,2021-05-26,https://github.com/Qortal/Brooklyn/blob/df8b07f6eaee6b4e018e5b49509daa8686fb1b50/mesa%203D%20driver/src/freedreno/ci/gitlab-ci.yml,api.github.com/repos/Qortal/Brooklyn
Qortal,Brooklyn,gitlab-ci.yml,,,,2021-05-26,https://github.com/Qortal/Brooklyn/blob/df8b07f6eaee6b4e018e5b49509daa8686fb1b50/mesa%203D%20driver/src/gallium/drivers/i915/ci/gitlab-ci.yml,api.github.com/repos/Qortal/Brooklyn
Qortal,Brooklyn,gitlab-ci.yml,,,,2021-05-26,https://github.com/Qortal/Brooklyn/blob/df8b07f6eaee6b4e018e5b49509daa8686fb1b50/mesa%203D%20driver/src/gallium/drivers/zink/ci/gitlab-ci.yml,api.github.com/repos/Qortal/Brooklyn
Qortal,Brooklyn,gitlab-ci.yml,,,,2021-05-26,https://github.com/Qortal/Brooklyn/blob/df8b07f6eaee6b4e018e5b49509daa8686fb1b50/mesa%203D%20driver/src/amd/ci/gitlab-ci.yml,api.github.com/repos/Qortal/Brooklyn
Qortal,Brooklyn,gitlab-ci.yml,,,,2021-05-26,https://github.com/Qortal/Brooklyn/blob/df8b07f6eaee6b4e018e5b49509daa8686fb1b50/mesa%203D%20driver/src/gallium/drivers/llvmpipe/ci/gitlab-ci.yml,api.github.com/repos/Qortal/Brooklyn
Qortal,Brooklyn,gitlab-ci.yml,,,,2021-05-26,https://github.com/Qortal/Brooklyn/blob/df8b07f6eaee6b4e018e5b49509daa8686fb1b50/mesa%203D%20driver/src/gallium/drivers/softpipe/ci/gitlab-ci.yml,api.github.com/repos/Qortal/Brooklyn
Qortal,Brooklyn,gitlab-ci.yml,,,,2021-05-26,https://github.com/Qortal/Brooklyn/blob/df8b07f6eaee6b4e018e5b49509daa8686fb1b50/mesa%203D%20driver/src/gallium/drivers/virgl/ci/gitlab-ci.yml,api.github.com/repos/Qortal/Brooklyn
Qortal,Brooklyn,gitlab-ci.yml,,,,2021-05-26,https://github.com/Qortal/Brooklyn/blob/df8b07f6eaee6b4e018e5b49509daa8686fb1b50/mesa%203D%20driver/src/broadcom/ci/gitlab-ci.yml,api.github.com/repos/Qortal/Brooklyn
Qortal,Brooklyn,gitlab-ci.yml,,,,2021-05-26,https://github.com/Qortal/Brooklyn/blob/df8b07f6eaee6b4e018e5b49509daa8686fb1b50/mesa%203D%20driver/src/gallium/drivers/radeonsi/ci/gitlab-ci.yml,api.github.com/repos/Qortal/Brooklyn
Qortal,Brooklyn,gitlab-ci.yml,,,,2021-05-26,https://github.com/Qortal/Brooklyn/blob/df8b07f6eaee6b4e018e5b49509daa8686fb1b50/mesa%203D%20driver/src/gallium/drivers/iris/ci/gitlab-ci.yml,api.github.com/repos/Qortal/Brooklyn
rishirajthoughtwin,CI-CD,gitlab-ci.yml,,,,2021-08-20,https://github.com/rishirajthoughtwin/CI-CD/blob/49968521ede5300d633a354d8f09bdca3108db99/piplineproj/gitlab-ci.yml,api.github.com/repos/rishirajthoughtwin/CI-CD
nitesh8860,cloudformation-snippets,gitlab-ci.yml,,,,2021-05-23,https://github.com/nitesh8860/cloudformation-snippets/blob/18be5eacdd36de81c359998eb4e589bfa18c03d8/cloudformation/gitlab/gitlab-ci.yml,api.github.com/repos/nitesh8860/cloudformation-snippets
Soietre,cmake_learn,build.gitlab-ci.yml,,,,2021-09-30,https://github.com/Soietre/cmake_learn/blob/1f6957d5e4c9d804dfdc2fb1dddaab20fff3c846/FindXXX/eigen-3.4.0/ci/build.gitlab-ci.yml,api.github.com/repos/Soietre/cmake_learn
Soietre,cmake_learn,smoketests.gitlab-ci.yml,,,,2021-09-30,https://github.com/Soietre/cmake_learn/blob/1f6957d5e4c9d804dfdc2fb1dddaab20fff3c846/FindXXX/eigen-3.4.0/ci/smoketests.gitlab-ci.yml,api.github.com/repos/Soietre/cmake_learn
Soietre,cmake_learn,test.gitlab-ci.yml,,,,2021-09-30,https://github.com/Soietre/cmake_learn/blob/1f6957d5e4c9d804dfdc2fb1dddaab20fff3c846/FindXXX/eigen-3.4.0/ci/test.gitlab-ci.yml,api.github.com/repos/Soietre/cmake_learn
dickmao,commercial-emacs,gitlab-ci.yml,,,,2021-08-28,https://github.com/dickmao/commercial-emacs/blob/57c758a9d4594ba16562beb4160870f19563af77/test/infra/gitlab-ci.yml,api.github.com/repos/dickmao/commercial-emacs
avantika-kala,computer-network-ns3,gitlab-ci-gcc.yml,,,,2021-10-13,https://github.com/avantika-kala/computer-network-ns3/blob/c0ddad2ce072503a682976ae4f97c1f6c5a488dc/ns3/ns-allinone-3.30/ns-3.30/utils/tests/gitlab-ci-gcc.yml,api.github.com/repos/avantika-kala/computer-network-ns3
avantika-kala,computer-network-ns3,gitlab-ci-ubuntu.yml,,,,2021-10-13,https://github.com/avantika-kala/computer-network-ns3/blob/c0ddad2ce072503a682976ae4f97c1f6c5a488dc/ns3/ns-allinone-3.30/ns-3.30/utils/tests/gitlab-ci-ubuntu.yml,api.github.com/repos/avantika-kala/computer-network-ns3
avantika-kala,computer-network-ns3,gitlab-ci-test.yml,,,,2021-10-13,https://github.com/avantika-kala/computer-network-ns3/blob/c0ddad2ce072503a682976ae4f97c1f6c5a488dc/ns3/ns-allinone-3.30/ns-3.30/utils/tests/gitlab-ci-test.yml,api.github.com/repos/avantika-kala/computer-network-ns3
avantika-kala,computer-network-ns3,gitlab-ci.yml,,,,2021-10-13,https://github.com/avantika-kala/computer-network-ns3/blob/c0ddad2ce072503a682976ae4f97c1f6c5a488dc/ns3/ns-allinone-3.30/ns-3.30/utils/tests/gitlab-ci.yml,api.github.com/repos/avantika-kala/computer-network-ns3
avantika-kala,computer-network-ns3,gitlab-ci-doc.yml,,,,2021-10-13,https://github.com/avantika-kala/computer-network-ns3/blob/c0ddad2ce072503a682976ae4f97c1f6c5a488dc/ns3/ns-allinone-3.30/ns-3.30/utils/tests/gitlab-ci-doc.yml,api.github.com/repos/avantika-kala/computer-network-ns3
avantika-kala,computer-network-ns3,gitlab-ci-fedora.yml,,,,2021-10-13,https://github.com/avantika-kala/computer-network-ns3/blob/c0ddad2ce072503a682976ae4f97c1f6c5a488dc/ns3/ns-allinone-3.30/ns-3.30/utils/tests/gitlab-ci-fedora.yml,api.github.com/repos/avantika-kala/computer-network-ns3
avantika-kala,computer-network-ns3,gitlab-ci-clang.yml,,,,2021-10-13,https://github.com/avantika-kala/computer-network-ns3/blob/c0ddad2ce072503a682976ae4f97c1f6c5a488dc/ns3/ns-allinone-3.30/ns-3.30/utils/tests/gitlab-ci-clang.yml,api.github.com/repos/avantika-kala/computer-network-ns3
Haevnen,CustomChromium,gitlab-ci.yml,,,,2021-09-03,https://github.com/Haevnen/CustomChromium/blob/2a463ef463fb6e11bfa5560958f17386b23b2a05/src/third_party/perfetto/debian/gitlab-ci.yml,api.github.com/repos/Haevnen/CustomChromium
Haevnen,CustomChromium,build.gitlab-ci.yml,,,,2021-09-03,https://github.com/Haevnen/CustomChromium/blob/2a463ef463fb6e11bfa5560958f17386b23b2a05/src/third_party/eigen3/src/ci/build.gitlab-ci.yml,api.github.com/repos/Haevnen/CustomChromium
Haevnen,CustomChromium,smoketests.gitlab-ci.yml,,,,2021-09-03,https://github.com/Haevnen/CustomChromium/blob/2a463ef463fb6e11bfa5560958f17386b23b2a05/src/third_party/eigen3/src/ci/smoketests.gitlab-ci.yml,api.github.com/repos/Haevnen/CustomChromium
Haevnen,CustomChromium,test.gitlab-ci.yml,,,,2021-09-03,https://github.com/Haevnen/CustomChromium/blob/2a463ef463fb6e11bfa5560958f17386b23b2a05/src/third_party/eigen3/src/ci/test.gitlab-ci.yml,api.github.com/repos/Haevnen/CustomChromium
shersadriddinov,cyberapi,gitlab-ci.yml,,,,2021-04-02,https://github.com/shersadriddinov/cyberapi/blob/f6a750d83ff1503b2aeb7e9509992dd5ee2006cc/gitlab-ci.yml,api.github.com/repos/shersadriddinov/cyberapi
Gepetto,dashboard,gitlab-ci.yml,,,,2018-02-21,https://github.com/Gepetto/dashboard/blob/f471a06ebeffbe80032c9fd6353befb0a8b64d97/rainboard/templates/rainboard/gitlab-ci.yml,api.github.com/repos/Gepetto/dashboard
GrammaTech,ddisasm,gitlab-ci.yml,,,,2018-09-13,https://github.com/GrammaTech/ddisasm/blob/4e52579ae839cb6775d6f36ed818c4da0425ed7f/.ci/gitlab-ci.yml,api.github.com/repos/GrammaTech/ddisasm
nilinov,demo_kraken,vendored-gems.gitlab-ci.yml,,,,2021-09-23,https://github.com/nilinov/demo_kraken/blob/3bc3157ece2b277ddc48ec4d694b48805e15d129/__.gitlab-ci.yml,api.github.com/repos/nilinov/demo_kraken
jiyuanjuan,demo-cli,gitlab-ci.yml,,,,2021-07-26,https://github.com/jiyuanjuan/demo-cli/blob/3518ef0530ea674d32726e94ae72e4c8e13b29a5/node_modules/download-git-repo/gitlab-ci.yml,api.github.com/repos/jiyuanjuan/demo-cli
28Rebirth,Demon-Better-Discord,gitlab-ci.yml,,,,2021-06-04,https://github.com/28Rebirth/Demon-Better-Discord/blob/b22674fad29e4543c2e2114f7028cb1035b1eed8/gitlab-ci.yml,api.github.com/repos/28Rebirth/Demon-Better-Discord
TigerGraph-DevLabs,detect-cryptocurrency-fraud,smoketests.gitlab-ci.yml,,,,2021-10-01,https://github.com/TigerGraph-DevLabs/detect-cryptocurrency-fraud/blob/f4414527b473ac7e152329bad49e51a7b5b64b7c/algorithms/eigen/ci/smoketests.gitlab-ci.yml,api.github.com/repos/TigerGraph-DevLabs/detect-cryptocurrency-fraud
TigerGraph-DevLabs,detect-cryptocurrency-fraud,build.gitlab-ci.yml,,,,2021-10-01,https://github.com/TigerGraph-DevLabs/detect-cryptocurrency-fraud/blob/f4414527b473ac7e152329bad49e51a7b5b64b7c/algorithms/eigen/ci/build.gitlab-ci.yml,api.github.com/repos/TigerGraph-DevLabs/detect-cryptocurrency-fraud
TigerGraph-DevLabs,detect-cryptocurrency-fraud,test.gitlab-ci.yml,,,,2021-10-01,https://github.com/TigerGraph-DevLabs/detect-cryptocurrency-fraud/blob/f4414527b473ac7e152329bad49e51a7b5b64b7c/algorithms/eigen/ci/test.gitlab-ci.yml,api.github.com/repos/TigerGraph-DevLabs/detect-cryptocurrency-fraud
ElzioJunior,dev-tools,Sonarqube%20Decorator%20on%20Gitlab%20CI.yml,,,,2021-08-11,https://github.com/ElzioJunior/dev-tools/blob/433e4c883dea006678a0807ecac23c4e259efd3e/Sonarqube%20Decorator%20on%20Gitlab%20CI.yml,api.github.com/repos/ElzioJunior/dev-tools
openSUSE,doc-kit,gitlab-ci.yml,,,,2017-12-15,https://github.com/openSUSE/doc-kit/blob/2ac877f2ba99380e53a7c0c15f1193e6c8ff1d96/asciidoc-release-notes/gitlab-ci.yml,api.github.com/repos/openSUSE/doc-kit
pymor,docker,gitlab-ci.yml,,,,2018-07-04,https://github.com/pymor/docker/blob/a159471fff088691bbfb360894fb257644b0f4ef/.ci/gitlab-ci.yml,api.github.com/repos/pymor/docker
binyammesfin,docker_react,gitlab-ci.yml,,,,2021-09-25,https://github.com/binyammesfin/docker_react/blob/55173780f5e6de8daee6de97072f5606beaea2a3/gitlab-ci.yml,api.github.com/repos/binyammesfin/docker_react
meyash,docker-gitlab-android-30_SDK,process.gitlab-ci.yml,,,,2021-07-06,https://github.com/meyash/docker-gitlab-android-30_SDK/blob/8c37e0fdd20fadc26814633ce7ef39d999643fcb/process.gitlab-ci.yml,api.github.com/repos/meyash/docker-gitlab-android-30_SDK
wanghws,documents,gitlab-ci.yml,,,,2021-06-03,https://github.com/wanghws/documents/blob/cafddcfaea07f64979aa705085a6718b59b91a24/gitlab_aliyun_k8s/gitlab-ci.yml,api.github.com/repos/wanghws/documents
agtonomy,eigen,smoketests.gitlab-ci.yml,,,,2021-10-04,https://github.com/agtonomy/eigen/blob/f0f1d7938b7083800ff75fe88e15092f08a4e67e/ci/smoketests.gitlab-ci.yml,api.github.com/repos/agtonomy/eigen
agtonomy,eigen,build.gitlab-ci.yml,,,,2021-10-04,https://github.com/agtonomy/eigen/blob/f0f1d7938b7083800ff75fe88e15092f08a4e67e/ci/build.gitlab-ci.yml,api.github.com/repos/agtonomy/eigen
agtonomy,eigen,test.gitlab-ci.yml,,,,2021-10-04,https://github.com/agtonomy/eigen/blob/f0f1d7938b7083800ff75fe88e15092f08a4e67e/ci/test.gitlab-ci.yml,api.github.com/repos/agtonomy/eigen
BlueBrain,eigen,smoketests.gitlab-ci.yml,,,,2021-08-25,https://github.com/BlueBrain/eigen/blob/9abf4d0bec058fc700eb36e74d431b6d6cbb2ab7/ci/smoketests.gitlab-ci.yml,api.github.com/repos/BlueBrain/eigen
BlueBrain,eigen,test.gitlab-ci.yml,,,,2021-08-25,https://github.com/BlueBrain/eigen/blob/9abf4d0bec058fc700eb36e74d431b6d6cbb2ab7/ci/test.gitlab-ci.yml,api.github.com/repos/BlueBrain/eigen
BlueBrain,eigen,build.gitlab-ci.yml,,,,2021-08-25,https://github.com/BlueBrain/eigen/blob/9abf4d0bec058fc700eb36e74d431b6d6cbb2ab7/ci/build.gitlab-ci.yml,api.github.com/repos/BlueBrain/eigen
fkxie,eigen,smoketests.gitlab-ci.yml,,,,2021-09-24,https://github.com/fkxie/eigen/blob/e9e90892fecb4bebe6473e9de491bfcd6c0de37f/ci/smoketests.gitlab-ci.yml,api.github.com/repos/fkxie/eigen
fkxie,eigen,build.gitlab-ci.yml,,,,2021-09-24,https://github.com/fkxie/eigen/blob/e9e90892fecb4bebe6473e9de491bfcd6c0de37f/ci/build.gitlab-ci.yml,api.github.com/repos/fkxie/eigen
fkxie,eigen,test.gitlab-ci.yml,,,,2021-09-24,https://github.com/fkxie/eigen/blob/e9e90892fecb4bebe6473e9de491bfcd6c0de37f/ci/test.gitlab-ci.yml,api.github.com/repos/fkxie/eigen
HaydenAI,eigen,build.gitlab-ci.yml,,,,2021-09-14,https://github.com/HaydenAI/eigen/blob/7a7650f4e773f68b7b54e97732d3cd62b4056041/ci/build.gitlab-ci.yml,api.github.com/repos/HaydenAI/eigen
HaydenAI,eigen,smoketests.gitlab-ci.yml,,,,2021-09-14,https://github.com/HaydenAI/eigen/blob/7a7650f4e773f68b7b54e97732d3cd62b4056041/ci/smoketests.gitlab-ci.yml,api.github.com/repos/HaydenAI/eigen
HaydenAI,eigen,test.gitlab-ci.yml,,,,2021-09-14,https://github.com/HaydenAI/eigen/blob/7a7650f4e773f68b7b54e97732d3cd62b4056041/ci/test.gitlab-ci.yml,api.github.com/repos/HaydenAI/eigen
lasagnaphil,eigen,smoketests.gitlab-ci.yml,,,,2021-10-09,https://github.com/lasagnaphil/eigen/blob/2bf07fa5b5034ed5f5b1839fea40a2581946f6fa/ci/smoketests.gitlab-ci.yml,api.github.com/repos/lasagnaphil/eigen
lasagnaphil,eigen,build.gitlab-ci.yml,,,,2021-10-09,https://github.com/lasagnaphil/eigen/blob/2bf07fa5b5034ed5f5b1839fea40a2581946f6fa/ci/build.gitlab-ci.yml,api.github.com/repos/lasagnaphil/eigen
lasagnaphil,eigen,test.gitlab-ci.yml,,,,2021-10-09,https://github.com/lasagnaphil/eigen/blob/2bf07fa5b5034ed5f5b1839fea40a2581946f6fa/ci/test.gitlab-ci.yml,api.github.com/repos/lasagnaphil/eigen
live-clones,eigen,build.gitlab-ci.yml,,,,2020-05-02,https://github.com/live-clones/eigen/blob/3753e6a2b3df54fb38c14638a46f83159cee9bde/ci/build.gitlab-ci.yml,api.github.com/repos/live-clones/eigen
live-clones,eigen,test.gitlab-ci.yml,,,,2020-05-02,https://github.com/live-clones/eigen/blob/3753e6a2b3df54fb38c14638a46f83159cee9bde/ci/test.gitlab-ci.yml,api.github.com/repos/live-clones/eigen
NextDroid,eigen,smoketests.gitlab-ci.yml,,,,2021-10-04,https://github.com/NextDroid/eigen/blob/8ce341caf2947e4b5ac4580c20254ae7d828b009/ci/smoketests.gitlab-ci.yml,api.github.com/repos/NextDroid/eigen
NextDroid,eigen,test.gitlab-ci.yml,,,,2021-10-04,https://github.com/NextDroid/eigen/blob/8ce341caf2947e4b5ac4580c20254ae7d828b009/ci/test.gitlab-ci.yml,api.github.com/repos/NextDroid/eigen
NextDroid,eigen,build.gitlab-ci.yml,,,,2021-10-04,https://github.com/NextDroid/eigen/blob/8ce341caf2947e4b5ac4580c20254ae7d828b009/ci/build.gitlab-ci.yml,api.github.com/repos/NextDroid/eigen
SWang525,eigen,build.gitlab-ci.yml,,,,2021-08-24,https://github.com/SWang525/eigen/blob/7a7650f4e773f68b7b54e97732d3cd62b4056041/ci/build.gitlab-ci.yml,api.github.com/repos/SWang525/eigen
SWang525,eigen,smoketests.gitlab-ci.yml,,,,2021-08-24,https://github.com/SWang525/eigen/blob/7a7650f4e773f68b7b54e97732d3cd62b4056041/ci/smoketests.gitlab-ci.yml,api.github.com/repos/SWang525/eigen
val-verde,eigen,build.gitlab-ci.yml,,,,2021-09-28,https://github.com/val-verde/eigen/blob/3147391d946bb4b6c68edd901f2add6ac1f31f8c/ci/build.gitlab-ci.yml,api.github.com/repos/val-verde/eigen
val-verde,eigen,smoketests.gitlab-ci.yml,,,,2021-09-28,https://github.com/val-verde/eigen/blob/3147391d946bb4b6c68edd901f2add6ac1f31f8c/ci/smoketests.gitlab-ci.yml,api.github.com/repos/val-verde/eigen
val-verde,eigen,test.gitlab-ci.yml,,,,2021-09-28,https://github.com/val-verde/eigen/blob/3147391d946bb4b6c68edd901f2add6ac1f31f8c/ci/test.gitlab-ci.yml,api.github.com/repos/val-verde/eigen
zap150,eigen,smoketests.gitlab-ci.yml,,,,2020-11-11,https://github.com/zap150/eigen/blob/e9e90892fecb4bebe6473e9de491bfcd6c0de37f/ci/smoketests.gitlab-ci.yml,api.github.com/repos/zap150/eigen
zap150,eigen,build.gitlab-ci.yml,,,,2020-11-11,https://github.com/zap150/eigen/blob/e9e90892fecb4bebe6473e9de491bfcd6c0de37f/ci/build.gitlab-ci.yml,api.github.com/repos/zap150/eigen
zap150,eigen,test.gitlab-ci.yml,,,,2020-11-11,https://github.com/zap150/eigen/blob/e9e90892fecb4bebe6473e9de491bfcd6c0de37f/ci/test.gitlab-ci.yml,api.github.com/repos/zap150/eigen
thornjad,emacs,gitlab-ci.yml,6040,2721,635,2020-12-10,https://github.com/thornjad/emacs/blob/6e37350081eb8a76dcbe15285e68330df51ea4ba/test/infra/gitlab-ci.yml,api.github.com/repos/thornjad/emacs
ayatakesi,emacs-mirror,gitlab-ci.yml,,,,2021-06-20,https://github.com/ayatakesi/emacs-mirror/blob/a1ef181ef91e74fbb35439ff4e1fe9c32b6d0f45/test/infra/gitlab-ci.yml,api.github.com/repos/ayatakesi/emacs-mirror
link0ff,emacs-mirror,gitlab-ci.yml,,,,2021-03-11,https://github.com/link0ff/emacs-mirror/blob/885aeae6a30a89768fb8b5e12cae995ee9672f48/test/infra/gitlab-ci.yml,api.github.com/repos/link0ff/emacs-mirror
EOS-uiux-Solutions,eos-game,%20.gitlab-ci.yml,,,,2021-05-28,https://github.com/EOS-uiux-Solutions/eos-game/blob/f05a23ed8df867ddc2da52865734610896fc24de/%20.gitlab-ci.yml,api.github.com/repos/EOS-uiux-Solutions/eos-game
janislley,ESBMSC-wr_tests,gitlab-ci.yml,,,,2021-09-05,https://github.com/janislley/ESBMSC-wr_tests/blob/524a1372d87882c8d77c393a7a41988a6f961b0c/vlc/extras/ci/gitlab-ci.yml,api.github.com/repos/janislley/ESBMSC-wr_tests
Marlon-Lazo-Coronado,Estructuras_Compus_II,gitlab-ci.yml,,,,2021-08-04,https://github.com/Marlon-Lazo-Coronado/Estructuras_Compus_II/blob/54c25c745a910f87afd3b9c23924d22452b7d2d2/tarea1_estructuras-de-compus_ii-master/gitlab-ci.yml,api.github.com/repos/Marlon-Lazo-Coronado/Estructuras_Compus_II
TinkerBoard2-Android,external-mesa3d,gitlab-ci.yml,,,,2021-09-27,https://github.com/TinkerBoard2-Android/external-mesa3d/blob/bc0591e16383171dd2d6a80475624746681f5c55/src/gallium/drivers/panfrost/ci/gitlab-ci.yml,api.github.com/repos/TinkerBoard2-Android/external-mesa3d
dbmarais,ga,gitlab-ci.yml,,,,2021-09-27,https://github.com/dbmarais/ga/blob/c575be6ec631d1f4200ebddb4b9ca7c439eab479/packrat/lib/x86_64-pc-linux-gnu/3.6.3/usethis/templates/gitlab-ci.yml,api.github.com/repos/dbmarais/ga
daetalys,gitFOSS,Jigsaw.gitlab-ci.yml,,,,2021-10-02,https://github.com/daetalys/gitFOSS/blob/1a3aea6c09a63fa987726320717060bd97d1114f/lib/gitlab/ci/templates/Pages/Jigsaw.gitlab-ci.yml,api.github.com/repos/daetalys/gitFOSS
daetalys,gitFOSS,PHP.gitlab-ci.yml,,,,2021-10-02,https://github.com/daetalys/gitFOSS/blob/1a3aea6c09a63fa987726320717060bd97d1114f/lib/gitlab/ci/templates/PHP.gitlab-ci.yml,api.github.com/repos/daetalys/gitFOSS
daetalys,gitFOSS,Accessibility.gitlab-ci.yml,,,,2021-10-02,https://github.com/daetalys/gitFOSS/blob/1a3aea6c09a63fa987726320717060bd97d1114f/lib/gitlab/ci/templates/Verify/Accessibility.gitlab-ci.yml,api.github.com/repos/daetalys/gitFOSS
daetalys,gitFOSS,Getting-Started.gitlab-ci.yml,,,,2021-10-02,https://github.com/daetalys/gitFOSS/blob/1a3aea6c09a63fa987726320717060bd97d1114f/lib/gitlab/ci/templates/Getting-Started.gitlab-ci.yml,api.github.com/repos/daetalys/gitFOSS
daetalys,gitFOSS,Helm-2to3.gitlab-ci.yml,,,,2021-10-02,https://github.com/daetalys/gitFOSS/blob/1a3aea6c09a63fa987726320717060bd97d1114f/lib/gitlab/ci/templates/Jobs/Helm-2to3.gitlab-ci.yml,api.github.com/repos/daetalys/gitFOSS
daetalys,gitFOSS,Elixir.gitlab-ci.yml,,,,2021-10-02,https://github.com/daetalys/gitFOSS/blob/1a3aea6c09a63fa987726320717060bd97d1114f/lib/gitlab/ci/templates/Elixir.gitlab-ci.yml,api.github.com/repos/daetalys/gitFOSS
daetalys,gitFOSS,LaTeX.gitlab-ci.yml,,,,2021-10-02,https://github.com/daetalys/gitFOSS/blob/1a3aea6c09a63fa987726320717060bd97d1114f/lib/gitlab/ci/templates/LaTeX.gitlab-ci.yml,api.github.com/repos/daetalys/gitFOSS
daetalys,gitFOSS,Middleman.gitlab-ci.yml,,,,2021-10-02,https://github.com/daetalys/gitFOSS/blob/1a3aea6c09a63fa987726320717060bd97d1114f/lib/gitlab/ci/templates/Pages/Middleman.gitlab-ci.yml,api.github.com/repos/daetalys/gitFOSS
daetalys,gitFOSS,Deploy-ECS.gitlab-ci.yml,,,,2021-10-02,https://github.com/daetalys/gitFOSS/blob/1a3aea6c09a63fa987726320717060bd97d1114f/lib/gitlab/ci/templates/AWS/Deploy-ECS.gitlab-ci.yml,api.github.com/repos/daetalys/gitFOSS
daetalys,gitFOSS,HTML.gitlab-ci.yml,,,,2021-10-02,https://github.com/daetalys/gitFOSS/blob/1a3aea6c09a63fa987726320717060bd97d1114f/lib/gitlab/ci/templates/Pages/HTML.gitlab-ci.yml,api.github.com/repos/daetalys/gitFOSS
daetalys,gitFOSS,Secret-Detection.gitlab-ci.yml,,,,2021-10-02,https://github.com/daetalys/gitFOSS/blob/1a3aea6c09a63fa987726320717060bd97d1114f/lib/gitlab/ci/templates/Jobs/Secret-Detection.gitlab-ci.yml,api.github.com/repos/daetalys/gitFOSS
daetalys,gitFOSS,Terraform.gitlab-ci.yml,,,,2021-10-02,https://github.com/daetalys/gitFOSS/blob/1a3aea6c09a63fa987726320717060bd97d1114f/lib/gitlab/ci/templates/Terraform.gitlab-ci.yml,api.github.com/repos/daetalys/gitFOSS
daetalys,gitFOSS,Nodejs.gitlab-ci.yml,,,,2021-10-02,https://github.com/daetalys/gitFOSS/blob/1a3aea6c09a63fa987726320717060bd97d1114f/lib/gitlab/ci/templates/Nodejs.gitlab-ci.yml,api.github.com/repos/daetalys/gitFOSS
daetalys,gitFOSS,License-Scanning.gitlab-ci.yml,,,,2021-10-02,https://github.com/daetalys/gitFOSS/blob/1a3aea6c09a63fa987726320717060bd97d1114f/lib/gitlab/ci/templates/Security/License-Scanning.gitlab-ci.yml,api.github.com/repos/daetalys/gitFOSS
daetalys,gitFOSS,Clojure.gitlab-ci.yml,,,,2021-10-02,https://github.com/daetalys/gitFOSS/blob/1a3aea6c09a63fa987726320717060bd97d1114f/lib/gitlab/ci/templates/Clojure.gitlab-ci.yml,api.github.com/repos/daetalys/gitFOSS
daetalys,gitFOSS,iOS-Fastlane.gitlab-ci.yml,,,,2021-10-02,https://github.com/daetalys/gitFOSS/blob/1a3aea6c09a63fa987726320717060bd97d1114f/lib/gitlab/ci/templates/iOS-Fastlane.gitlab-ci.yml,api.github.com/repos/daetalys/gitFOSS
daetalys,gitFOSS,Ruby.gitlab-ci.yml,,,,2021-10-02,https://github.com/daetalys/gitFOSS/blob/1a3aea6c09a63fa987726320717060bd97d1114f/lib/gitlab/ci/templates/Ruby.gitlab-ci.yml,api.github.com/repos/daetalys/gitFOSS
daetalys,gitFOSS,DAST.gitlab-ci.yml,,,,2021-10-02,https://github.com/daetalys/gitFOSS/blob/1a3aea6c09a63fa987726320717060bd97d1114f/lib/gitlab/ci/templates/Security/DAST.gitlab-ci.yml,api.github.com/repos/daetalys/gitFOSS
daetalys,gitFOSS,Terraform.latest.gitlab-ci.yml,,,,2021-10-02,https://github.com/daetalys/gitFOSS/blob/1a3aea6c09a63fa987726320717060bd97d1114f/lib/gitlab/ci/templates/Terraform.latest.gitlab-ci.yml,api.github.com/repos/daetalys/gitFOSS
daetalys,gitFOSS,API-Fuzzing.gitlab-ci.yml,,,,2021-10-02,https://github.com/daetalys/gitFOSS/blob/1a3aea6c09a63fa987726320717060bd97d1114f/lib/gitlab/ci/templates/Security/API-Fuzzing.gitlab-ci.yml,api.github.com/repos/daetalys/gitFOSS
daetalys,gitFOSS,Code-Quality.gitlab-ci.yml,,,,2021-10-02,https://github.com/daetalys/gitFOSS/blob/1a3aea6c09a63fa987726320717060bd97d1114f/lib/gitlab/ci/templates/Jobs/Code-Quality.gitlab-ci.yml,api.github.com/repos/daetalys/gitFOSS
daetalys,gitFOSS,docs.gitlab-ci.yml,,,,2021-10-02,https://github.com/daetalys/gitFOSS/blob/1a3aea6c09a63fa987726320717060bd97d1114f/.gitlab/ci/docs.gitlab-ci.yml,api.github.com/repos/daetalys/gitFOSS
daetalys,gitFOSS,memory.gitlab-ci.yml,,,,2021-10-02,https://github.com/daetalys/gitFOSS/blob/1a3aea6c09a63fa987726320717060bd97d1114f/.gitlab/ci/memory.gitlab-ci.yml,api.github.com/repos/daetalys/gitFOSS
daetalys,gitFOSS,review.gitlab-ci.yml,,,,2021-10-02,https://github.com/daetalys/gitFOSS/blob/1a3aea6c09a63fa987726320717060bd97d1114f/.gitlab/ci/review.gitlab-ci.yml,api.github.com/repos/daetalys/gitFOSS
daetalys,gitFOSS,cng.gitlab-ci.yml,,,,2021-10-02,https://github.com/daetalys/gitFOSS/blob/1a3aea6c09a63fa987726320717060bd97d1114f/.gitlab/ci/cng.gitlab-ci.yml,api.github.com/repos/daetalys/gitFOSS
daetalys,gitFOSS,yaml.gitlab-ci.yml,,,,2021-10-02,https://github.com/daetalys/gitFOSS/blob/1a3aea6c09a63fa987726320717060bd97d1114f/.gitlab/ci/yaml.gitlab-ci.yml,api.github.com/repos/daetalys/gitFOSS
daetalys,gitFOSS,test-metadata.gitlab-ci.yml,,,,2021-10-02,https://github.com/daetalys/gitFOSS/blob/1a3aea6c09a63fa987726320717060bd97d1114f/.gitlab/ci/test-metadata.gitlab-ci.yml,api.github.com/repos/daetalys/gitFOSS
daetalys,gitFOSS,notify.gitlab-ci.yml,,,,2021-10-02,https://github.com/daetalys/gitFOSS/blob/1a3aea6c09a63fa987726320717060bd97d1114f/.gitlab/ci/notify.gitlab-ci.yml,api.github.com/repos/daetalys/gitFOSS
daetalys,gitFOSS,reports.gitlab-ci.yml,,,,2021-10-02,https://github.com/daetalys/gitFOSS/blob/1a3aea6c09a63fa987726320717060bd97d1114f/.gitlab/ci/reports.gitlab-ci.yml,api.github.com/repos/daetalys/gitFOSS
daetalys,gitFOSS,vendored-gems.gitlab-ci.yml,,,,2021-10-02,https://github.com/daetalys/gitFOSS/blob/1a3aea6c09a63fa987726320717060bd97d1114f/.gitlab/ci/vendored-gems.gitlab-ci.yml,api.github.com/repos/daetalys/gitFOSS
daetalys,gitFOSS,global.gitlab-ci.yml,,,,2021-10-02,https://github.com/daetalys/gitFOSS/blob/1a3aea6c09a63fa987726320717060bd97d1114f/.gitlab/ci/global.gitlab-ci.yml,api.github.com/repos/daetalys/gitFOSS
daetalys,gitFOSS,cache-repo.gitlab-ci.yml,,,,2021-10-02,https://github.com/daetalys/gitFOSS/blob/1a3aea6c09a63fa987726320717060bd97d1114f/.gitlab/ci/cache-repo.gitlab-ci.yml,api.github.com/repos/daetalys/gitFOSS
daetalys,gitFOSS,static-analysis.gitlab-ci.yml,,,,2021-10-02,https://github.com/daetalys/gitFOSS/blob/1a3aea6c09a63fa987726320717060bd97d1114f/.gitlab/ci/static-analysis.gitlab-ci.yml,api.github.com/repos/daetalys/gitFOSS
daetalys,gitFOSS,qa.gitlab-ci.yml,,,,2021-10-02,https://github.com/daetalys/gitFOSS/blob/1a3aea6c09a63fa987726320717060bd97d1114f/.gitlab/ci/qa.gitlab-ci.yml,api.github.com/repos/daetalys/gitFOSS
daetalys,gitFOSS,frontend.gitlab-ci.yml,,,,2021-10-02,https://github.com/daetalys/gitFOSS/blob/1a3aea6c09a63fa987726320717060bd97d1114f/.gitlab/ci/frontend.gitlab-ci.yml,api.github.com/repos/daetalys/gitFOSS
daetalys,gitFOSS,releases.gitlab-ci.yml,,,,2021-10-02,https://github.com/daetalys/gitFOSS/blob/1a3aea6c09a63fa987726320717060bd97d1114f/.gitlab/ci/releases.gitlab-ci.yml,api.github.com/repos/daetalys/gitFOSS
daetalys,gitFOSS,pages.gitlab-ci.yml,,,,2021-10-02,https://github.com/daetalys/gitFOSS/blob/1a3aea6c09a63fa987726320717060bd97d1114f/.gitlab/ci/pages.gitlab-ci.yml,api.github.com/repos/daetalys/gitFOSS
daetalys,gitFOSS,setup.gitlab-ci.yml,,,,2021-10-02,https://github.com/daetalys/gitFOSS/blob/1a3aea6c09a63fa987726320717060bd97d1114f/.gitlab/ci/setup.gitlab-ci.yml,api.github.com/repos/daetalys/gitFOSS
daetalys,gitFOSS,dast.gitlab-ci.yml,,,,2021-10-02,https://github.com/daetalys/gitFOSS/blob/1a3aea6c09a63fa987726320717060bd97d1114f/.gitlab/ci/dast.gitlab-ci.yml,api.github.com/repos/daetalys/gitFOSS
daetalys,gitFOSS,rules.gitlab-ci.yml,,,,2021-10-02,https://github.com/daetalys/gitFOSS/blob/1a3aea6c09a63fa987726320717060bd97d1114f/.gitlab/ci/rules.gitlab-ci.yml,api.github.com/repos/daetalys/gitFOSS
daetalys,gitFOSS,dev-fixtures.gitlab-ci.yml,,,,2021-10-02,https://github.com/daetalys/gitFOSS/blob/1a3aea6c09a63fa987726320717060bd97d1114f/.gitlab/ci/dev-fixtures.gitlab-ci.yml,api.github.com/repos/daetalys/gitFOSS
daetalys,gitFOSS,graphql.gitlab-ci.yml,,,,2021-10-02,https://github.com/daetalys/gitFOSS/blob/1a3aea6c09a63fa987726320717060bd97d1114f/.gitlab/ci/graphql.gitlab-ci.yml,api.github.com/repos/daetalys/gitFOSS
daetalys,gitFOSS,workhorse.gitlab-ci.yml,,,,2021-10-02,https://github.com/daetalys/gitFOSS/blob/1a3aea6c09a63fa987726320717060bd97d1114f/.gitlab/ci/workhorse.gitlab-ci.yml,api.github.com/repos/daetalys/gitFOSS
daetalys,gitFOSS,build-images.gitlab-ci.yml,,,,2021-10-02,https://github.com/daetalys/gitFOSS/blob/1a3aea6c09a63fa987726320717060bd97d1114f/.gitlab/ci/build-images.gitlab-ci.yml,api.github.com/repos/daetalys/gitFOSS
daetalys,gitFOSS,rails.gitlab-ci.yml,,,,2021-10-02,https://github.com/daetalys/gitFOSS/blob/1a3aea6c09a63fa987726320717060bd97d1114f/.gitlab/ci/rails.gitlab-ci.yml,api.github.com/repos/daetalys/gitFOSS
daetalys,gitFOSS,Hexo.gitlab-ci.yml,,,,2021-10-02,https://github.com/daetalys/gitFOSS/blob/1a3aea6c09a63fa987726320717060bd97d1114f/lib/gitlab/ci/templates/Pages/Hexo.gitlab-ci.yml,api.github.com/repos/daetalys/gitFOSS
daetalys,gitFOSS,DAST-API.gitlab-ci.yml,,,,2021-10-02,https://github.com/daetalys/gitFOSS/blob/1a3aea6c09a63fa987726320717060bd97d1114f/lib/gitlab/ci/templates/Security/DAST-API.gitlab-ci.yml,api.github.com/repos/daetalys/gitFOSS
daetalys,gitFOSS,Nanoc.gitlab-ci.yml,,,,2021-10-02,https://github.com/daetalys/gitFOSS/blob/1a3aea6c09a63fa987726320717060bd97d1114f/lib/gitlab/ci/templates/Pages/Nanoc.gitlab-ci.yml,api.github.com/repos/daetalys/gitFOSS
daetalys,gitFOSS,Dart.gitlab-ci.yml,,,,2021-10-02,https://github.com/daetalys/gitFOSS/blob/1a3aea6c09a63fa987726320717060bd97d1114f/lib/gitlab/ci/templates/Dart.gitlab-ci.yml,api.github.com/repos/daetalys/gitFOSS
daetalys,gitFOSS,Android.latest.gitlab-ci.yml,,,,2021-10-02,https://github.com/daetalys/gitFOSS/blob/1a3aea6c09a63fa987726320717060bd97d1114f/lib/gitlab/ci/templates/Android.latest.gitlab-ci.yml,api.github.com/repos/daetalys/gitFOSS
daetalys,gitFOSS,Load-Performance-Testing.gitlab-ci.yml,,,,2021-10-02,https://github.com/daetalys/gitFOSS/blob/1a3aea6c09a63fa987726320717060bd97d1114f/lib/gitlab/ci/templates/Jobs/Load-Performance-Testing.gitlab-ci.yml,api.github.com/repos/daetalys/gitFOSS
daetalys,gitFOSS,Lektor.gitlab-ci.yml,,,,2021-10-02,https://github.com/daetalys/gitFOSS/blob/1a3aea6c09a63fa987726320717060bd97d1114f/lib/gitlab/ci/templates/Pages/Lektor.gitlab-ci.yml,api.github.com/repos/daetalys/gitFOSS
daetalys,gitFOSS,Gatsby.gitlab-ci.yml,,,,2021-10-02,https://github.com/daetalys/gitFOSS/blob/1a3aea6c09a63fa987726320717060bd97d1114f/lib/gitlab/ci/templates/Pages/Gatsby.gitlab-ci.yml,api.github.com/repos/daetalys/gitFOSS
daetalys,gitFOSS,Harp.gitlab-ci.yml,,,,2021-10-02,https://github.com/daetalys/gitFOSS/blob/1a3aea6c09a63fa987726320717060bd97d1114f/lib/gitlab/ci/templates/Pages/Harp.gitlab-ci.yml,api.github.com/repos/daetalys/gitFOSS
daetalys,gitFOSS,SwaggerUI.gitlab-ci.yml,,,,2021-10-02,https://github.com/daetalys/gitFOSS/blob/1a3aea6c09a63fa987726320717060bd97d1114f/lib/gitlab/ci/templates/Pages/SwaggerUI.gitlab-ci.yml,api.github.com/repos/daetalys/gitFOSS
daetalys,gitFOSS,Composer.gitlab-ci.yml,,,,2021-10-02,https://github.com/daetalys/gitFOSS/blob/1a3aea6c09a63fa987726320717060bd97d1114f/lib/gitlab/ci/templates/Composer.gitlab-ci.yml,api.github.com/repos/daetalys/gitFOSS
daetalys,gitFOSS,JBake.gitlab-ci.yml,,,,2021-10-02,https://github.com/daetalys/gitFOSS/blob/1a3aea6c09a63fa987726320717060bd97d1114f/lib/gitlab/ci/templates/Pages/JBake.gitlab-ci.yml,api.github.com/repos/daetalys/gitFOSS
daetalys,gitFOSS,Docker.gitlab-ci.yml,,,,2021-10-02,https://github.com/daetalys/gitFOSS/blob/1a3aea6c09a63fa987726320717060bd97d1114f/lib/gitlab/ci/templates/Docker.gitlab-ci.yml,api.github.com/repos/daetalys/gitFOSS
daetalys,gitFOSS,Container-Scanning.gitlab-ci.yml,,,,2021-10-02,https://github.com/daetalys/gitFOSS/blob/1a3aea6c09a63fa987726320717060bd97d1114f/lib/gitlab/ci/templates/Security/Container-Scanning.gitlab-ci.yml,api.github.com/repos/daetalys/gitFOSS
daetalys,gitFOSS,Test.gitlab-ci.yml,,,,2021-10-02,https://github.com/daetalys/gitFOSS/blob/1a3aea6c09a63fa987726320717060bd97d1114f/lib/gitlab/ci/templates/Jobs/Test.gitlab-ci.yml,api.github.com/repos/daetalys/gitFOSS
daetalys,gitFOSS,Rust.gitlab-ci.yml,,,,2021-10-02,https://github.com/daetalys/gitFOSS/blob/1a3aea6c09a63fa987726320717060bd97d1114f/lib/gitlab/ci/templates/Rust.gitlab-ci.yml,api.github.com/repos/daetalys/gitFOSS
daetalys,gitFOSS,Secure-Binaries.gitlab-ci.yml,,,,2021-10-02,https://github.com/daetalys/gitFOSS/blob/1a3aea6c09a63fa987726320717060bd97d1114f/lib/gitlab/ci/templates/Security/Secure-Binaries.gitlab-ci.yml,api.github.com/repos/daetalys/gitFOSS
daetalys,gitFOSS,Crystal.gitlab-ci.yml,,,,2021-10-02,https://github.com/daetalys/gitFOSS/blob/1a3aea6c09a63fa987726320717060bd97d1114f/lib/gitlab/ci/templates/Crystal.gitlab-ci.yml,api.github.com/repos/daetalys/gitFOSS
daetalys,gitFOSS,Code-Intelligence.gitlab-ci.yml,,,,2021-10-02,https://github.com/daetalys/gitFOSS/blob/1a3aea6c09a63fa987726320717060bd97d1114f/lib/gitlab/ci/templates/Jobs/Code-Intelligence.gitlab-ci.yml,api.github.com/repos/daetalys/gitFOSS
daetalys,gitFOSS,dotNET.gitlab-ci.yml,,,,2021-10-02,https://github.com/daetalys/gitFOSS/blob/1a3aea6c09a63fa987726320717060bd97d1114f/lib/gitlab/ci/templates/dotNET.gitlab-ci.yml,api.github.com/repos/daetalys/gitFOSS
daetalys,gitFOSS,Indeni.Cloudrail.gitlab-ci.yml,,,,2021-10-02,https://github.com/daetalys/gitFOSS/blob/1a3aea6c09a63fa987726320717060bd97d1114f/lib/gitlab/ci/templates/Indeni.Cloudrail.gitlab-ci.yml,api.github.com/repos/daetalys/gitFOSS
daetalys,gitFOSS,EC2.gitlab-ci.yml,,,,2021-10-02,https://github.com/daetalys/gitFOSS/blob/1a3aea6c09a63fa987726320717060bd97d1114f/lib/gitlab/ci/templates/Jobs/Deploy/EC2.gitlab-ci.yml,api.github.com/repos/daetalys/gitFOSS
daetalys,gitFOSS,OpenShift.gitlab-ci.yml,,,,2021-10-02,https://github.com/daetalys/gitFOSS/blob/1a3aea6c09a63fa987726320717060bd97d1114f/lib/gitlab/ci/templates/OpenShift.gitlab-ci.yml,api.github.com/repos/daetalys/gitFOSS
daetalys,gitFOSS,Pelican.gitlab-ci.yml,,,,2021-10-02,https://github.com/daetalys/gitFOSS/blob/1a3aea6c09a63fa987726320717060bd97d1114f/lib/gitlab/ci/templates/Pages/Pelican.gitlab-ci.yml,api.github.com/repos/daetalys/gitFOSS
daetalys,gitFOSS,Gradle.gitlab-ci.yml,,,,2021-10-02,https://github.com/daetalys/gitFOSS/blob/1a3aea6c09a63fa987726320717060bd97d1114f/lib/gitlab/ci/templates/Gradle.gitlab-ci.yml,api.github.com/repos/daetalys/gitFOSS
daetalys,gitFOSS,SAST.gitlab-ci.yml,,,,2021-10-02,https://github.com/daetalys/gitFOSS/blob/1a3aea6c09a63fa987726320717060bd97d1114f/lib/gitlab/ci/templates/Security/SAST.gitlab-ci.yml,api.github.com/repos/daetalys/gitFOSS
daetalys,gitFOSS,5-Minute-Production-App.gitlab-ci.yml,,,,2021-10-02,https://github.com/daetalys/gitFOSS/blob/1a3aea6c09a63fa987726320717060bd97d1114f/lib/gitlab/ci/templates/5-Minute-Production-App.gitlab-ci.yml,api.github.com/repos/daetalys/gitFOSS
daetalys,gitFOSS,Coverage-Fuzzing.gitlab-ci.yml,,,,2021-10-02,https://github.com/daetalys/gitFOSS/blob/1a3aea6c09a63fa987726320717060bd97d1114f/lib/gitlab/ci/templates/Security/Coverage-Fuzzing.gitlab-ci.yml,api.github.com/repos/daetalys/gitFOSS
daetalys,gitFOSS,Build.latest.gitlab-ci.yml,,,,2021-10-02,https://github.com/daetalys/gitFOSS/blob/1a3aea6c09a63fa987726320717060bd97d1114f/lib/gitlab/ci/templates/Jobs/Build.latest.gitlab-ci.yml,api.github.com/repos/daetalys/gitFOSS
daetalys,gitFOSS,Android-Fastlane.gitlab-ci.yml,,,,2021-10-02,https://github.com/daetalys/gitFOSS/blob/1a3aea6c09a63fa987726320717060bd97d1114f/lib/gitlab/ci/templates/Android-Fastlane.gitlab-ci.yml,api.github.com/repos/daetalys/gitFOSS
daetalys,gitFOSS,gitlab_ci_archived_trace_consistent_reads.yml,,,,2021-10-02,https://github.com/daetalys/gitFOSS/blob/1a3aea6c09a63fa987726320717060bd97d1114f/config/feature_flags/development/gitlab_ci_archived_trace_consistent_reads.yml,api.github.com/repos/daetalys/gitFOSS
daetalys,gitFOSS,gitlab_ci_builds_queuing_metrics.yml,,,,2021-10-02,https://github.com/daetalys/gitFOSS/blob/1a3aea6c09a63fa987726320717060bd97d1114f/config/feature_flags/development/gitlab_ci_builds_queuing_metrics.yml,api.github.com/repos/daetalys/gitFOSS
mehulagg,gitlab,global.gitlab-ci.yml,,,,2020-09-23,https://github.com/mehulagg/gitlab/blob/47132616379ad4ce00a375b154000cf5962715fb/.gitlab/ci/global.gitlab-ci.yml,api.github.com/repos/mehulagg/gitlab
Kaveshnikov,gitlabci_example,gitlab-ci-merge-request.yml,,,,2021-09-13,https://github.com/Kaveshnikov/gitlabci_example/blob/4f83509b566036347e49f284cfcf37227e0b9ff6/ci/gitlab-ci-merge-request.yml,api.github.com/repos/Kaveshnikov/gitlabci_example
gitlabhq,gitlabhq,rules.gitlab-ci.yml,,,,2011-10-02,https://github.com/gitlabhq/gitlabhq/blob/f047727bf270fc9a64e3420a0c23760962b38f14/.gitlab/ci/rules.gitlab-ci.yml,api.github.com/repos/gitlabhq/gitlabhq
gitlabhq,gitlabhq,review.gitlab-ci.yml,,,,2011-10-02,https://github.com/gitlabhq/gitlabhq/blob/f047727bf270fc9a64e3420a0c23760962b38f14/.gitlab/ci/review.gitlab-ci.yml,api.github.com/repos/gitlabhq/gitlabhq
gitlabhq,gitlabhq,qa.gitlab-ci.yml,,,,2011-10-02,https://github.com/gitlabhq/gitlabhq/blob/231e74886fa51f23f2884d70ae05d283c91c3f76/.gitlab/ci/review-apps/qa.gitlab-ci.yml,api.github.com/repos/gitlabhq/gitlabhq
gitlabhq,gitlabhq,main.gitlab-ci.yml,,,,2011-10-02,https://github.com/gitlabhq/gitlabhq/blob/4898e4654b2aca7b0cbd0f57f44baa47580ad774/.gitlab/ci/review-apps/main.gitlab-ci.yml,api.github.com/repos/gitlabhq/gitlabhq
gitlabhq,gitlabhq,dast.gitlab-ci.yml,,,,2011-10-02,https://github.com/gitlabhq/gitlabhq/blob/4898e4654b2aca7b0cbd0f57f44baa47580ad774/.gitlab/ci/review-apps/dast.gitlab-ci.yml,api.github.com/repos/gitlabhq/gitlabhq
gitlabhq,gitlabhq,reports.gitlab-ci.yml,,,,2011-10-02,https://github.com/gitlabhq/gitlabhq/blob/24952631402d6fb352749c688bc059d6ca74217d/.gitlab/ci/reports.gitlab-ci.yml,api.github.com/repos/gitlabhq/gitlabhq
gitlabhq,gitlabhq,setup.gitlab-ci.yml,,,,2011-10-02,https://github.com/gitlabhq/gitlabhq/blob/85770eb3a25c9d9183ca7fce72d4d74c1552a53f/.gitlab/ci/setup.gitlab-ci.yml,api.github.com/repos/gitlabhq/gitlabhq
gitlabhq,gitlabhq,global.gitlab-ci.yml,,,,2011-10-02,https://github.com/gitlabhq/gitlabhq/blob/85770eb3a25c9d9183ca7fce72d4d74c1552a53f/.gitlab/ci/global.gitlab-ci.yml,api.github.com/repos/gitlabhq/gitlabhq
gitlabhq,gitlabhq,frontend.gitlab-ci.yml,,,,2011-10-02,https://github.com/gitlabhq/gitlabhq/blob/85770eb3a25c9d9183ca7fce72d4d74c1552a53f/.gitlab/ci/frontend.gitlab-ci.yml,api.github.com/repos/gitlabhq/gitlabhq
gitlabhq,gitlabhq,memory.gitlab-ci.yml,,,,2011-10-02,https://github.com/gitlabhq/gitlabhq/blob/a7e58fa022db10d17e085eb265871e2436914c9b/.gitlab/ci/memory.gitlab-ci.yml,api.github.com/repos/gitlabhq/gitlabhq
monteagudoeneko,GPS-14,gitlab-ci.yml,,,,2021-06-01,https://github.com/monteagudoeneko/GPS-14/blob/f1da0f9ebf9a31f4be986cf0984d1c495a21215e/gitlab-ci.yml,api.github.com/repos/monteagudoeneko/GPS-14
gromacs,gromacs,documentation.gitlab-ci.yml,,,,2009-06-06,https://github.com/gromacs/gromacs/blob/6e6e449b7659f882b1f0dfdcf14eb1279b074aae/admin/gitlab-ci/documentation.gitlab-ci.yml,api.github.com/repos/gromacs/gromacs
gromacs,gromacs,lint.gitlab-ci.yml,,,,2009-06-06,https://github.com/gromacs/gromacs/blob/6e6e449b7659f882b1f0dfdcf14eb1279b074aae/admin/gitlab-ci/lint.gitlab-ci.yml,api.github.com/repos/gromacs/gromacs
gromacs,gromacs,gmxapi-0.3-gromacs-master.gitlab-ci.yml,,,,2009-06-06,https://github.com/gromacs/gromacs/blob/6e6e449b7659f882b1f0dfdcf14eb1279b074aae/admin/gitlab-ci/python-gmxapi.matrix/gmxapi-0.3-gromacs-master.gitlab-ci.yml,api.github.com/repos/gromacs/gromacs
andrenasturas,hausse,package-registry.gitlab-ci.yml,,,,2021-02-24,https://github.com/andrenasturas/hausse/blob/ce2c17edcb4a4d1d11d53b5faaae9757be911e57/.gitlab/pipelines/dists/package-registry.gitlab-ci.yml,api.github.com/repos/andrenasturas/hausse
andrenasturas,hausse,reference.gitlab-ci.yml,,,,2021-02-24,https://github.com/andrenasturas/hausse/blob/ce2c17edcb4a4d1d11d53b5faaae9757be911e57/.gitlab/pipelines/reference.gitlab-ci.yml,api.github.com/repos/andrenasturas/hausse
andrenasturas,hausse,pypi.gitlab-ci.yml,,,,2021-02-24,https://github.com/andrenasturas/hausse/blob/ce2c17edcb4a4d1d11d53b5faaae9757be911e57/.gitlab/pipelines/dists/pypi.gitlab-ci.yml,api.github.com/repos/andrenasturas/hausse
Protonull-Corporation,indiansontinder,%20.gitlab-ci.yml,,,,2021-09-06,https://github.com/Protonull-Corporation/indiansontinder/blob/6c3d1165816f613b2b98032b07811163daca1bf7/%20.gitlab-ci.yml,api.github.com/repos/Protonull-Corporation/indiansontinder
Protonull-Corporation,indiansontinder,%20.gitlab-ci.yml,,,,2021-09-06,https://github.com/Protonull-Corporation/indiansontinder/blob/6c3d1165816f613b2b98032b07811163daca1bf7/_site/%20.gitlab-ci.yml,api.github.com/repos/Protonull-Corporation/indiansontinder
tivolicloud,interface,deploy.gitlab-ci.yml,,,,2020-11-28,https://github.com/tivolicloud/interface/blob/fe8c1c60f0a21a6a2bb177cdc15020fb6bbc4aed/.gitlab/deploy.gitlab-ci.yml,api.github.com/repos/tivolicloud/interface
tivolicloud,interface,windows.gitlab-ci.yml,,,,2020-11-28,https://github.com/tivolicloud/interface/blob/fe8c1c60f0a21a6a2bb177cdc15020fb6bbc4aed/.gitlab/build/windows.gitlab-ci.yml,api.github.com/repos/tivolicloud/interface
tivolicloud,interface,linux.gitlab-ci.yml,,,,2020-11-28,https://github.com/tivolicloud/interface/blob/fe8c1c60f0a21a6a2bb177cdc15020fb6bbc4aed/.gitlab/build/linux.gitlab-ci.yml,api.github.com/repos/tivolicloud/interface
tivolicloud,interface,macos.gitlab-ci.yml,,,,2020-11-28,https://github.com/tivolicloud/interface/blob/fe8c1c60f0a21a6a2bb177cdc15020fb6bbc4aed/.gitlab/unused/macos.gitlab-ci.yml,api.github.com/repos/tivolicloud/interface
tivolicloud,interface,finalize.gitlab-ci.yml,,,,2020-11-28,https://github.com/tivolicloud/interface/blob/fe8c1c60f0a21a6a2bb177cdc15020fb6bbc4aed/.gitlab/finalize.gitlab-ci.yml,api.github.com/repos/tivolicloud/interface
andrewpeck,l0mdt-hdl-design,gitlab-ci.yml,,,,2020-04-23,https://github.com/andrewpeck/l0mdt-hdl-design/blob/45ddf54dda1510124528b2dfe01509ef2b2b618d/Top/ull_ku15_b3a_ucm_mpl_hps/gitlab-ci.yml,api.github.com/repos/andrewpeck/l0mdt-hdl-design
andrewpeck,l0mdt-hdl-design,gitlab-ci.yml,,,,2020-04-23,https://github.com/andrewpeck/l0mdt-hdl-design/blob/45ddf54dda1510124528b2dfe01509ef2b2b618d/Top/base_l0mdt_lsf_upt/gitlab-ci.yml,api.github.com/repos/andrewpeck/l0mdt-hdl-design
andrewpeck,l0mdt-hdl-design,gitlab-ci.yml,,,,2020-04-23,https://github.com/andrewpeck/l0mdt-hdl-design/blob/45ddf54dda1510124528b2dfe01509ef2b2b618d/Top/ull_ku15_b3a_ucm_mpl_hps_csf/gitlab-ci.yml,api.github.com/repos/andrewpeck/l0mdt-hdl-design
andrewpeck,l0mdt-hdl-design,gitlab-ci.yml,,,,2020-04-23,https://github.com/andrewpeck/l0mdt-hdl-design/blob/45ddf54dda1510124528b2dfe01509ef2b2b618d/Top/ull_ku15_b3a_ucm_mpl_hps_lsf/gitlab-ci.yml,api.github.com/repos/andrewpeck/l0mdt-hdl-design
andrewpeck,l0mdt-hdl-design,gitlab-ci.yml,,,,2020-04-23,https://github.com/andrewpeck/l0mdt-hdl-design/blob/45ddf54dda1510124528b2dfe01509ef2b2b618d/Top/ull_ku15_b3a_ucm_mpl_hps_csf_ptmpi/gitlab-ci.yml,api.github.com/repos/andrewpeck/l0mdt-hdl-design
andrewpeck,l0mdt-hdl-design,gitlab-ci.yml,,,,2020-04-23,https://github.com/andrewpeck/l0mdt-hdl-design/blob/45ddf54dda1510124528b2dfe01509ef2b2b618d/Top/ull_ku15_b3a_ucm_mpl/gitlab-ci.yml,api.github.com/repos/andrewpeck/l0mdt-hdl-design
andrewpeck,l0mdt-hdl-design,gitlab-ci.yml,,,,2020-04-23,https://github.com/andrewpeck/l0mdt-hdl-design/blob/45ddf54dda1510124528b2dfe01509ef2b2b618d/Top/lsf/gitlab-ci.yml,api.github.com/repos/andrewpeck/l0mdt-hdl-design
kundaMwiza,learning,build.gitlab-ci.yml,,,,2020-05-29,https://github.com/kundaMwiza/learning/blob/35f804a4972d063fed2ce34b8d4694315ef5741e/machine_learning/projects/c%2B%2B/impl/linear_regression/libraries/eigen-3.4.0/ci/build.gitlab-ci.yml,api.github.com/repos/kundaMwiza/learning
kundaMwiza,learning,smoketests.gitlab-ci.yml,,,,2020-05-29,https://github.com/kundaMwiza/learning/blob/35f804a4972d063fed2ce34b8d4694315ef5741e/machine_learning/projects/c%2B%2B/impl/linear_regression/libraries/eigen-3.4.0/ci/smoketests.gitlab-ci.yml,api.github.com/repos/kundaMwiza/learning
kundaMwiza,learning,test.gitlab-ci.yml,,,,2020-05-29,https://github.com/kundaMwiza/learning/blob/35f804a4972d063fed2ce34b8d4694315ef5741e/machine_learning/projects/c%2B%2B/impl/linear_regression/libraries/eigen-3.4.0/ci/test.gitlab-ci.yml,api.github.com/repos/kundaMwiza/learning
cnb0,learning-gitlab,DAST.latest.gitlab-ci.yml,,,,2021-08-17,https://github.com/cnb0/learning-gitlab/blob/9b18ad456045f2fae91ea03b9dab12aeb98facb8/WS/05.gitlab.node/node-master/tests/telmpates/security/DAST.latest.gitlab-ci.yml,api.github.com/repos/cnb0/learning-gitlab
cnb0,learning-gitlab,DAST.latest.gitlab-ci.yml,,,,2021-08-17,https://github.com/cnb0/learning-gitlab/blob/9b18ad456045f2fae91ea03b9dab12aeb98facb8/WS/07.gitlab-python.01/python-master/tests/telmpates/security/DAST.latest.gitlab-ci.yml,api.github.com/repos/cnb0/learning-gitlab
cnb0,learning-gitlab,Secret-Detection.gitlab-ci.yml,,,,2021-08-17,https://github.com/cnb0/learning-gitlab/blob/9b18ad456045f2fae91ea03b9dab12aeb98facb8/WS/05.gitlab.node/node-master/tests/telmpates/security/Secret-Detection.gitlab-ci.yml,api.github.com/repos/cnb0/learning-gitlab
cnb0,learning-gitlab,Secret-Detection.gitlab-ci.yml,,,,2021-08-17,https://github.com/cnb0/learning-gitlab/blob/9b18ad456045f2fae91ea03b9dab12aeb98facb8/WS/07.gitlab-python.01/python-master/tests/telmpates/security/Secret-Detection.gitlab-ci.yml,api.github.com/repos/cnb0/learning-gitlab
cnb0,learning-gitlab,Dependency-Scanning.gitlab-ci.yml,,,,2021-08-17,https://github.com/cnb0/learning-gitlab/blob/9b18ad456045f2fae91ea03b9dab12aeb98facb8/WS/07.gitlab-python.01/python-master/tests/telmpates/security/Dependency-Scanning.gitlab-ci.yml,api.github.com/repos/cnb0/learning-gitlab
cnb0,learning-gitlab,Dependency-Scanning.gitlab-ci.yml,,,,2021-08-17,https://github.com/cnb0/learning-gitlab/blob/9b18ad456045f2fae91ea03b9dab12aeb98facb8/WS/05.gitlab.node/node-master/tests/telmpates/security/Dependency-Scanning.gitlab-ci.yml,api.github.com/repos/cnb0/learning-gitlab
atari-vcs,libglvnd,gitlab-ci.yml,,,,2021-09-07,https://github.com/atari-vcs/libglvnd/blob/00342d84cc463c085eea86a47458b8f42d5ce9f9/debian/apertis/gitlab-ci.yml,api.github.com/repos/atari-vcs/libglvnd
atari-vcs,linux,gitlab-ci.yml,,,,2021-09-01,https://github.com/atari-vcs/linux/blob/f95f36a199985ad3843a6094e48396a773405266/debian/apertis/gitlab-ci.yml,api.github.com/repos/atari-vcs/linux
atari-vcs,linux,gitlab-ci.yml,,,,2021-09-01,https://github.com/atari-vcs/linux/blob/f95f36a199985ad3843a6094e48396a773405266/debian/atari/gitlab-ci.yml,api.github.com/repos/atari-vcs/linux
antonenko-anton,mcs-mock,gitlab-ci.yml,,,,2021-09-01,https://github.com/antonenko-anton/mcs-mock/blob/0ced0961aa51941682f37fdd323127a2cec8b9c8/gitlab-ci.yml,api.github.com/repos/antonenko-anton/mcs-mock
chouquette,medialibrary,gitlab-ci.yml,,,,2014-05-11,https://github.com/chouquette/medialibrary/blob/32258929a09e3b23fd9ac076ec62e1e82e92ddf7/ci/gitlab-ci.yml,api.github.com/repos/chouquette/medialibrary
meltano,meltano,sample_code.gitlab-ci.yml,,,,2021-06-21,https://github.com/meltano/meltano/blob/31230a3fce37855749cf9970aafcf16c9debc447/.gitlab/ci/sample_code.gitlab-ci.yml,api.github.com/repos/meltano/meltano
meltano,meltano,docker.gitlab-ci.yml,,,,2021-06-21,https://github.com/meltano/meltano/blob/86c1f5e8b609fe42c164762a401e6ed3638d9d18/.gitlab/ci/docker.gitlab-ci.yml,api.github.com/repos/meltano/meltano
meltano,meltano,test.gitlab-ci.yml,,,,2021-06-21,https://github.com/meltano/meltano/blob/5b2b8084c743a18dbff4f5684e5c6a13755b321e/.gitlab/ci/test.gitlab-ci.yml,api.github.com/repos/meltano/meltano
meltano,meltano,docker_base.gitlab-ci.yml,,,,2021-06-21,https://github.com/meltano/meltano/blob/12bce5fd73d005d0e5d7ed7631696e7373bd5fc0/.gitlab/ci/docker_base.gitlab-ci.yml,api.github.com/repos/meltano/meltano
meltano,meltano,global.gitlab-ci.yml,,,,2021-06-21,https://github.com/meltano/meltano/blob/12bce5fd73d005d0e5d7ed7631696e7373bd5fc0/.gitlab/ci/global.gitlab-ci.yml,api.github.com/repos/meltano/meltano
meltano,meltano,docker_prod.gitlab-ci.yml,,,,2021-06-21,https://github.com/meltano/meltano/blob/12bce5fd73d005d0e5d7ed7631696e7373bd5fc0/.gitlab/ci/docker_prod.gitlab-ci.yml,api.github.com/repos/meltano/meltano
mesa3d,mesa,gitlab-ci.yml,,,,2016-03-30,https://github.com/mesa3d/mesa/blob/e86fec17975fcf31df5da8830f1b354faabe838e/src/freedreno/ci/gitlab-ci.yml,api.github.com/repos/mesa3d/mesa
mesa3d,mesa,gitlab-ci.yml,,,,2016-03-30,https://github.com/mesa3d/mesa/blob/9d1d2d7e4358f1bbfdf67dfd7435d12bb931a656/src/panfrost/ci/gitlab-ci.yml,api.github.com/repos/mesa3d/mesa
mesa3d,mesa,gitlab-ci.yml,,,,2016-03-30,https://github.com/mesa3d/mesa/blob/86e4fea2d597c20d022af2f4637dd1c01a83dcd9/src/gallium/drivers/zink/ci/gitlab-ci.yml,api.github.com/repos/mesa3d/mesa
mesa3d,mesa,gitlab-ci.yml,,,,2016-03-30,https://github.com/mesa3d/mesa/blob/3e94af062949322aab18bba482863ad7ae96b137/src/gallium/drivers/llvmpipe/ci/gitlab-ci.yml,api.github.com/repos/mesa3d/mesa
mesa3d,mesa,gitlab-ci.yml,,,,2016-03-30,https://github.com/mesa3d/mesa/blob/dcc89c9165166d33926739a5312a64103ce36428/src/gallium/drivers/virgl/ci/gitlab-ci.yml,api.github.com/repos/mesa3d/mesa
mesa3d,mesa,gitlab-ci.yml,,,,2016-03-30,https://github.com/mesa3d/mesa/blob/03e457bb1aaf6a0962f7bf5903366ba65428025a/src/gallium/frontends/lavapipe/ci/gitlab-ci.yml,api.github.com/repos/mesa3d/mesa
opencor,mesa,gitlab-ci.yml,,,,2016-03-30,https://github.com/opencor/mesa/blob/6f08430368513ddd221f21a70d707c824bc5d864/src/gallium/drivers/panfrost/ci/gitlab-ci.yml,api.github.com/repos/opencor/mesa
sailfishos-mirror,mesa,gitlab-ci.yml,,,,2020-03-31,https://github.com/sailfishos-mirror/mesa/blob/1cc8523c5cc5730b7b38bf25424b12b3220d151e/src/gallium/drivers/zink/ci/gitlab-ci.yml,api.github.com/repos/sailfishos-mirror/mesa
sailfishos-mirror,mesa,gitlab-ci.yml,,,,2020-03-31,https://github.com/sailfishos-mirror/mesa/blob/07956bbcae4cbc396d2e6b8dcf2bab5acbfd6507/src/gallium/drivers/llvmpipe/ci/gitlab-ci.yml,api.github.com/repos/sailfishos-mirror/mesa
sailfishos-mirror,mesa,gitlab-ci.yml,,,,2020-03-31,https://github.com/sailfishos-mirror/mesa/blob/dcc89c9165166d33926739a5312a64103ce36428/src/gallium/drivers/virgl/ci/gitlab-ci.yml,api.github.com/repos/sailfishos-mirror/mesa
sailfishos-mirror,mesa,gitlab-ci.yml,,,,2020-03-31,https://github.com/sailfishos-mirror/mesa/blob/aad7a1d79a02ed26aa9d047d705516bcd1e90460/src/gallium/frontends/lavapipe/ci/gitlab-ci.yml,api.github.com/repos/sailfishos-mirror/mesa
mustafa-baydar,my-case,gitlab-ci.yml,,,,2021-09-07,https://github.com/mustafa-baydar/my-case/blob/569b036f4483a10ba33b6eb7b12273b6b917bf0b/tool/gitlab-ci.yml,api.github.com/repos/mustafa-baydar/my-case
nusrte,NeonUserBot,gitlab-ci.yml,,,,2021-10-02,https://github.com/nusrte/NeonUserBot/blob/7a4b03bf9e8040603220eeb409727eeb099876ae/.github/workflows/gitlab-ci.yml,api.github.com/repos/nusrte/NeonUserBot
ZhalgasFromMSU,net,gitlab-ci-test.yml,,,,2021-10-12,https://github.com/ZhalgasFromMSU/net/blob/a394c446dbd96856f834d6f55f8792e9cb6d95a1/utils/tests/gitlab-ci-test.yml,api.github.com/repos/ZhalgasFromMSU/net
ZhalgasFromMSU,net,gitlab-ci-doc.yml,,,,2021-10-12,https://github.com/ZhalgasFromMSU/net/blob/a394c446dbd96856f834d6f55f8792e9cb6d95a1/utils/tests/gitlab-ci-doc.yml,api.github.com/repos/ZhalgasFromMSU/net
ZhalgasFromMSU,net,gitlab-ci-clang.yml,,,,2021-10-12,https://github.com/ZhalgasFromMSU/net/blob/a394c446dbd96856f834d6f55f8792e9cb6d95a1/utils/tests/gitlab-ci-clang.yml,api.github.com/repos/ZhalgasFromMSU/net
zed-eiq,netlify-test,example.gitlab-ci.yml,,,,2021-09-28,https://github.com/zed-eiq/netlify-test/blob/349964c0ce061ce9592b6d4f7c27dffe0a60eb24/example.gitlab-ci.yml,api.github.com/repos/zed-eiq/netlify-test
ign-andr,Netology,gitlab-ci.yml,,,,2021-03-29,https://github.com/ign-andr/Netology/blob/0b707de0606680b392df8879c6498dc74ab25c40/10%20DevOps_MLOps/05%20CI_CD/dz/gitlab-ci.yml,api.github.com/repos/ign-andr/Netology
Vista-Technology,netops-quickstart,gitlab-ci.yml,,,,2021-05-21,https://github.com/Vista-Technology/netops-quickstart/blob/f3ca37c69165438e4b3909665480a525443e8ddf/gitlab-ci.yml,api.github.com/repos/Vista-Technology/netops-quickstart
pablopalafox,npms,build.gitlab-ci.yml,,,,2021-06-27,https://github.com/pablopalafox/npms/blob/3d21dfadca3d8108bc71fcae96060516172dfd72/external/eigen/ci/build.gitlab-ci.yml,api.github.com/repos/pablopalafox/npms
pablopalafox,npms,smoketests.gitlab-ci.yml,,,,2021-06-27,https://github.com/pablopalafox/npms/blob/3d21dfadca3d8108bc71fcae96060516172dfd72/external/eigen/ci/smoketests.gitlab-ci.yml,api.github.com/repos/pablopalafox/npms
pablopalafox,npms,test.gitlab-ci.yml,,,,2021-06-27,https://github.com/pablopalafox/npms/blob/3d21dfadca3d8108bc71fcae96060516172dfd72/external/eigen/ci/test.gitlab-ci.yml,api.github.com/repos/pablopalafox/npms
cbowers1020,ns-3.34,gitlab-ci-pybindgen.yml,,,,2021-03-09,https://github.com/cbowers1020/ns-3.34/blob/eb2d5cebbaf01dff512ce30f8b666584ec099e3f/utils/tests/gitlab-ci-pybindgen.yml,api.github.com/repos/cbowers1020/ns-3.34
cbowers1020,ns-3.34,gitlab-ci-ubuntu.yml,,,,2021-03-09,https://github.com/cbowers1020/ns-3.34/blob/eb2d5cebbaf01dff512ce30f8b666584ec099e3f/utils/tests/gitlab-ci-ubuntu.yml,api.github.com/repos/cbowers1020/ns-3.34
cbowers1020,ns-3.34,gitlab-ci-fedora.yml,,,,2021-03-09,https://github.com/cbowers1020/ns-3.34/blob/eb2d5cebbaf01dff512ce30f8b666584ec099e3f/utils/tests/gitlab-ci-fedora.yml,api.github.com/repos/cbowers1020/ns-3.34
cbowers1020,ns-3.34,gitlab-ci-gcc.yml,,,,2021-03-09,https://github.com/cbowers1020/ns-3.34/blob/eb2d5cebbaf01dff512ce30f8b666584ec099e3f/utils/tests/gitlab-ci-gcc.yml,api.github.com/repos/cbowers1020/ns-3.34
cbowers1020,ns-3.34,gitlab-ci.yml,,,,2021-03-09,https://github.com/cbowers1020/ns-3.34/blob/eb2d5cebbaf01dff512ce30f8b666584ec099e3f/utils/tests/gitlab-ci.yml,api.github.com/repos/cbowers1020/ns-3.34
cbowers1020,ns-3.34,gitlab-ci-test.yml,,,,2021-03-09,https://github.com/cbowers1020/ns-3.34/blob/eb2d5cebbaf01dff512ce30f8b666584ec099e3f/utils/tests/gitlab-ci-test.yml,api.github.com/repos/cbowers1020/ns-3.34
cbowers1020,ns-3.34,gitlab-ci-doc.yml,,,,2021-03-09,https://github.com/cbowers1020/ns-3.34/blob/eb2d5cebbaf01dff512ce30f8b666584ec099e3f/utils/tests/gitlab-ci-doc.yml,api.github.com/repos/cbowers1020/ns-3.34
cbowers1020,ns-3.34,gitlab-ci-clang.yml,,,,2021-03-09,https://github.com/cbowers1020/ns-3.34/blob/eb2d5cebbaf01dff512ce30f8b666584ec099e3f/utils/tests/gitlab-ci-clang.yml,api.github.com/repos/cbowers1020/ns-3.34
Gabrielcarvfer,NS3,gitlab-ci-ubuntu.yml,,,,2017-10-03,https://github.com/Gabrielcarvfer/NS3/blob/ac23794b60938818311ba5e7a9673970866e7b15/utils/tests/gitlab-ci-ubuntu.yml,api.github.com/repos/Gabrielcarvfer/NS3
Gabrielcarvfer,NS3,gitlab-ci-fedora.yml,,,,2017-10-03,https://github.com/Gabrielcarvfer/NS3/blob/ac23794b60938818311ba5e7a9673970866e7b15/utils/tests/gitlab-ci-fedora.yml,api.github.com/repos/Gabrielcarvfer/NS3
Gabrielcarvfer,NS3,gitlab-ci-gcc.yml,,,,2017-10-03,https://github.com/Gabrielcarvfer/NS3/blob/ac23794b60938818311ba5e7a9673970866e7b15/utils/tests/gitlab-ci-gcc.yml,api.github.com/repos/Gabrielcarvfer/NS3
Tomoki-Nakashima,ns3-ai_rate_control,gitlab-ci-fedora.yml,,,,2021-09-30,https://github.com/Tomoki-Nakashima/ns3-ai_rate_control/blob/73a14518e712abef447b703e6e4b5bac2047a960/utils/tests/gitlab-ci-fedora.yml,api.github.com/repos/Tomoki-Nakashima/ns3-ai_rate_control
Tomoki-Nakashima,ns3-ai_rate_control,gitlab-ci-gcc.yml,,,,2021-09-30,https://github.com/Tomoki-Nakashima/ns3-ai_rate_control/blob/73a14518e712abef447b703e6e4b5bac2047a960/utils/tests/gitlab-ci-gcc.yml,api.github.com/repos/Tomoki-Nakashima/ns3-ai_rate_control
Tomoki-Nakashima,ns3-ai_rate_control,gitlab-ci.yml,,,,2021-09-30,https://github.com/Tomoki-Nakashima/ns3-ai_rate_control/blob/73a14518e712abef447b703e6e4b5bac2047a960/utils/tests/gitlab-ci.yml,api.github.com/repos/Tomoki-Nakashima/ns3-ai_rate_control
Tomoki-Nakashima,ns3-ai_rate_control,gitlab-ci-test.yml,,,,2021-09-30,https://github.com/Tomoki-Nakashima/ns3-ai_rate_control/blob/73a14518e712abef447b703e6e4b5bac2047a960/utils/tests/gitlab-ci-test.yml,api.github.com/repos/Tomoki-Nakashima/ns3-ai_rate_control
Tomoki-Nakashima,ns3-ai_rate_control,gitlab-ci-doc.yml,,,,2021-09-30,https://github.com/Tomoki-Nakashima/ns3-ai_rate_control/blob/73a14518e712abef447b703e6e4b5bac2047a960/utils/tests/gitlab-ci-doc.yml,api.github.com/repos/Tomoki-Nakashima/ns3-ai_rate_control
Tomoki-Nakashima,ns3-ai_rate_control,gitlab-ci-clang.yml,,,,2021-09-30,https://github.com/Tomoki-Nakashima/ns3-ai_rate_control/blob/73a14518e712abef447b703e6e4b5bac2047a960/utils/tests/gitlab-ci-clang.yml,api.github.com/repos/Tomoki-Nakashima/ns3-ai_rate_control
o2ac,o2ac-ur,gitlab-ci.yml,,,,2020-11-10,https://github.com/o2ac/o2ac-ur/blob/dbe1f0742a8a38f5fb6b15dc00af29b0ae4e097c/gitlab-ci/gitlab-ci.yml,api.github.com/repos/o2ac/o2ac-ur
lazy-stock-screener-demo,orchestration,Auto-Deploy.gitlab-ci.yml,,,,2021-04-28,https://github.com/lazy-stock-screener-demo/orchestration/blob/b7045b81923995156ea7c78e62e280bfbe62fa65/gitlab-runner/templates/Auto-Deploy.gitlab-ci.yml,api.github.com/repos/lazy-stock-screener-demo/orchestration
ITISFoundation,osparc-python-runner-tensorflow,gitlab-ci.yml,,,,2021-07-22,https://github.com/ITISFoundation/osparc-python-runner-tensorflow/blob/4ec908560d584f86327750a6ba71a5d3ba784de2/ci/gitlab-ci.yml,api.github.com/repos/ITISFoundation/osparc-python-runner-tensorflow
cran,packager,dot_gitlab-ci.yml,,,,2020-02-23,https://github.com/cran/packager/blob/3cb2f2798f3498ca4f25fc8fdccf29e8ba6cd38a/inst/templates/dot_gitlab-ci.yml,api.github.com/repos/cran/packager
winter-loo,perfetto,gitlab-ci.yml,,,,2021-09-06,https://github.com/winter-loo/perfetto/blob/0838748c5fe62c3aaf16c448134c51de86164fd1/debian/gitlab-ci.yml,api.github.com/repos/winter-loo/perfetto
DeveloperMujtaba,pipelines,gitlab-ci.yml,,,,2021-04-01,https://github.com/DeveloperMujtaba/pipelines/blob/30c7b6b57eff8988080d4a2959882087090e3a0b/gitlab-ci.yml,api.github.com/repos/DeveloperMujtaba/pipelines
codehelp,pkg-mando,gitlab-ci.yml,,,,2018-10-08,https://github.com/codehelp/pkg-mando/blob/175646075bbac3a3f3fdbb275d88804d9aaeeeec/debian/gitlab-ci.yml,api.github.com/repos/codehelp/pkg-mando
M4kssl,PMUlab1,gitlab-ci.yml,,,,2021-09-02,https://github.com/M4kssl/PMUlab1/blob/03ecaa4d49afae74a6201ccd4acfbbd76958f068/gitlab-ci.yml,api.github.com/repos/M4kssl/PMUlab1
LLNL,radiuss-spack-testing,gitlab-ci.yml,,,,2021-08-03,https://github.com/LLNL/radiuss-spack-testing/blob/f43b1ad6967712718824b2fc9a2c84be9fd67f91/gitlab-ci.yml,api.github.com/repos/LLNL/radiuss-spack-testing
raffaeldutra,raffaeldutra.github.io,production-gitlab-ci.yml,,,,2017-03-01,https://github.com/raffaeldutra/raffaeldutra.github.io/blob/a3b2c834e63eed0a300642851a3b3f6e4f6bbfb4/gitlab-build-defs/production-gitlab-ci.yml,api.github.com/repos/raffaeldutra/raffaeldutra.github.io
d-e-s-o,rbuf,gitlab-ci.yml,,,,2020-02-15,https://github.com/d-e-s-o/rbuf/blob/d85980d6514ca36f106a603b8099ed2ef4a830be/ci/gitlab-ci.yml,api.github.com/repos/d-e-s-o/rbuf
Alien-Leader,recommandService,gitlab-mirror-and-ci-action.yml,,,,2021-09-02,https://github.com/Alien-Leader/recommandService/blob/a49eb7470b3bea02a1f2a6c77602f8e6b7fde60a/.github/workflows/gitlab-mirror-and-ci-action.yml,api.github.com/repos/Alien-Leader/recommandService
opnfv,releng,Docker.gitlab-ci.yml,,,,2016-11-03,https://github.com/opnfv/releng/blob/1dc087147f3d271ebb326ea7fa0869678b2a4bd3/gitlab-templates/Docker.gitlab-ci.yml,api.github.com/repos/opnfv/releng
opnfv,releng,GoogleStorage.gitlab-ci.yml,,,,2016-11-03,https://github.com/opnfv/releng/blob/1dc087147f3d271ebb326ea7fa0869678b2a4bd3/gitlab-templates/GoogleStorage.gitlab-ci.yml,api.github.com/repos/opnfv/releng
renovatebot,renovate,gitlab-ci.yml,,,,2016-12-17,https://github.com/renovatebot/renovate/blob/4f06d2590e008f42af4b7f2f69c8100ddc489cac/lib/manager/regex/__fixtures__/gitlab-ci.yml,api.github.com/repos/renovatebot/renovate
WhiteSourceE,renovate,gitlab-ci.yml,,,,2021-09-01,https://github.com/WhiteSourceE/renovate/blob/e8f68c4b63dfabb6081d7d1fa272f48e1379fd49/lib/manager/regex/__fixtures__/gitlab-ci.yml,api.github.com/repos/WhiteSourceE/renovate
rcn-ee,repos,gitlab-ci.yml,,,,2014-09-06,https://github.com/rcn-ee/repos/blob/5a6e695473f9e0dba427e37957a47966b20bb285/debian-11-wpa/suite/focal/debian/gitlab-ci.yml,api.github.com/repos/rcn-ee/repos
rcn-ee,repos,gitlab-ci.yml,,,,2014-09-06,https://github.com/rcn-ee/repos/blob/ffc3e907c87d13e1399d074d423f95972ede947b/debian-11-wpa/suite/bullseye/debian/gitlab-ci.yml,api.github.com/repos/rcn-ee/repos
Lorioux,sinatra,gitlab-ci.yml,,,,2021-09-25,https://github.com/Lorioux/sinatra/blob/0a5628c1174783a722bfa03149d75e60957c7b0c/gitlab-ci.yml,api.github.com/repos/Lorioux/sinatra
veloren,site,check.gitlab-ci.yml,,,,2019-04-17,https://github.com/veloren/site/blob/6e3aed02148e50107f6090b19a2884a1cf437835/.gitlab/CI/check.gitlab-ci.yml,api.github.com/repos/veloren/site
veloren,site,publish.gitlab-ci.yml,,,,2019-04-17,https://github.com/veloren/site/blob/6e3aed02148e50107f6090b19a2884a1cf437835/.gitlab/CI/publish.gitlab-ci.yml,api.github.com/repos/veloren/site
shirishshukla,sks_test,Base.loader.gitlab-ci.v1.yml,,,,2017-12-21,https://github.com/shirishshukla/sks_test/blob/9b76246a4bcc5109422f54ac5b2427e63df73718/prv/Base.loader.gitlab-ci.v1.yml,api.github.com/repos/shirishshukla/sks_test
eclipse-researchlabs,smartclide-cicd,maven.gitlab-ci.yml,,,,2021-09-12,https://github.com/eclipse-researchlabs/smartclide-cicd/blob/0a86709070b2334d89f0a298633cf0e1e20da988/src/main/resources/static/templates/pipelines/maven.gitlab-ci.yml,api.github.com/repos/eclipse-researchlabs/smartclide-cicd
xom4ek,templates,deploy.helm.gitlab-ci.yml,,,,2021-06-23,https://github.com/xom4ek/templates/blob/f67e71c8cc39ab61dad1f2ffbcba2c22a37c89da/deploy.helm.gitlab-ci.yml,api.github.com/repos/xom4ek/templates
xom4ek,templates,default.gitlab-ci.yml,,,,2021-06-23,https://github.com/xom4ek/templates/blob/8cc63502fc9fa2ad94f4c066ad666dfbb3f10afd/presets/default.gitlab-ci.yml,api.github.com/repos/xom4ek/templates
xom4ek,templates,deploy.wiki.gitlab-ci.yml,,,,2021-06-23,https://github.com/xom4ek/templates/blob/8cc63502fc9fa2ad94f4c066ad666dfbb3f10afd/deploy.wiki.gitlab-ci.yml,api.github.com/repos/xom4ek/templates
myatsumon-seagate,tescicd,gitlab-ci-old.yml,,,,2021-09-22,https://github.com/myatsumon-seagate/tescicd/blob/0d856f5bc0a40e0e84d26f50725e565ba84cd2a6/gitlab-ci-old.yml,api.github.com/repos/myatsumon-seagate/tescicd
Deadsven,test,gitlab-ci.yml,,,,2021-06-29,https://github.com/Deadsven/test/blob/2f179fb5f2c37b4af2aa812ac344e5e8b471a855/gitlab-ci.yml,api.github.com/repos/Deadsven/test
dilNai,testKatalonPipeline,gitlab-ci.yml,,,,2021-10-08,https://github.com/dilNai/testKatalonPipeline/blob/6a216cd520427fff3c5dfe76917b2e2427f3a487/gitlab-ci.yml,api.github.com/repos/dilNai/testKatalonPipeline
VeraKorzh,thumbtack_final_work,gitlab-ci.yml,,,,2021-05-25,https://github.com/VeraKorzh/thumbtack_final_work/blob/82c444a4a805ca12ad735d5d89cdc1a10bc3dddd/gitlab-ci.yml,api.github.com/repos/VeraKorzh/thumbtack_final_work
aquasecurity,trivy,Trivy.gitlab-ci.yml,,,,2019-04-11,https://github.com/aquasecurity/trivy/blob/5750cc2e1a18e3d15c24eef094a5d92773cdab22/contrib/Trivy.gitlab-ci.yml,api.github.com/repos/aquasecurity/trivy
immydestiny,trivy-file,Trivy.gitlab-ci.yml,,,,2021-08-25,https://github.com/immydestiny/trivy-file/blob/660cdf4172c994072d49c67b55f41f9d01d96f57/contrib/Trivy.gitlab-ci.yml,api.github.com/repos/immydestiny/trivy-file
jeremyephron,vcp,gitlab-ci-test.yml,,,,2021-05-05,https://github.com/jeremyephron/vcp/blob/346390dfb0256c000877f0b38d5b2ae1360e14c2/ns3/utils/tests/gitlab-ci-test.yml,api.github.com/repos/jeremyephron/vcp
jeremyephron,vcp,gitlab-ci.yml,,,,2021-05-05,https://github.com/jeremyephron/vcp/blob/346390dfb0256c000877f0b38d5b2ae1360e14c2/ns3/utils/tests/gitlab-ci.yml,api.github.com/repos/jeremyephron/vcp
jeremyephron,vcp,gitlab-ci-pybindgen.yml,,,,2021-05-05,https://github.com/jeremyephron/vcp/blob/346390dfb0256c000877f0b38d5b2ae1360e14c2/ns3/utils/tests/gitlab-ci-pybindgen.yml,api.github.com/repos/jeremyephron/vcp
jeremyephron,vcp,gitlab-ci-fedora.yml,,,,2021-05-05,https://github.com/jeremyephron/vcp/blob/346390dfb0256c000877f0b38d5b2ae1360e14c2/ns3/utils/tests/gitlab-ci-fedora.yml,api.github.com/repos/jeremyephron/vcp
jeremyephron,vcp,gitlab-ci-doc.yml,,,,2021-05-05,https://github.com/jeremyephron/vcp/blob/346390dfb0256c000877f0b38d5b2ae1360e14c2/ns3/utils/tests/gitlab-ci-doc.yml,api.github.com/repos/jeremyephron/vcp
jeremyephron,vcp,gitlab-ci-ubuntu.yml,,,,2021-05-05,https://github.com/jeremyephron/vcp/blob/346390dfb0256c000877f0b38d5b2ae1360e14c2/ns3/utils/tests/gitlab-ci-ubuntu.yml,api.github.com/repos/jeremyephron/vcp
jeremyephron,vcp,gitlab-ci-clang.yml,,,,2021-05-05,https://github.com/jeremyephron/vcp/blob/346390dfb0256c000877f0b38d5b2ae1360e14c2/ns3/utils/tests/gitlab-ci-clang.yml,api.github.com/repos/jeremyephron/vcp
jeremyephron,vcp,gitlab-ci-gcc.yml,,,,2021-05-05,https://github.com/jeremyephron/vcp/blob/346390dfb0256c000877f0b38d5b2ae1360e14c2/ns3/utils/tests/gitlab-ci-gcc.yml,api.github.com/repos/jeremyephron/vcp
naveenlr92,vin-nginx,gitlab-ci.yml,,,,2021-09-06,https://github.com/naveenlr92/vin-nginx/blob/2530280b1e2d01835e8bdfbb7165471b76dfd55f/nginx-1.21.1/debian/gitlab-ci.yml,api.github.com/repos/naveenlr92/vin-nginx
lyric-li,vue-cli-plugin-standard,_gitlab-ci.yml,,,,2021-08-02,https://github.com/lyric-li/vue-cli-plugin-standard/blob/d69f67a1c7f0a44f1df7acce62213e0f9684e9f5/generator/template/_gitlab-ci.yml,api.github.com/repos/lyric-li/vue-cli-plugin-standard
dongsanche,wpt,gitlab-ci-ubuntu.yml,,,,2021-09-29,https://github.com/dongsanche/wpt/blob/ba3c3973bf68bb9cd7fed5fd65afa8c361aad83b/utils/tests/gitlab-ci-ubuntu.yml,api.github.com/repos/dongsanche/wpt
dongsanche,wpt,gitlab-ci-fedora.yml,,,,2021-09-29,https://github.com/dongsanche/wpt/blob/ba3c3973bf68bb9cd7fed5fd65afa8c361aad83b/utils/tests/gitlab-ci-fedora.yml,api.github.com/repos/dongsanche/wpt
dongsanche,wpt,gitlab-ci-gcc.yml,,,,2021-09-29,https://github.com/dongsanche/wpt/blob/ba3c3973bf68bb9cd7fed5fd65afa8c361aad83b/utils/tests/gitlab-ci-gcc.yml,api.github.com/repos/dongsanche/wpt
dongsanche,wpt,gitlab-ci.yml,,,,2021-09-29,https://github.com/dongsanche/wpt/blob/ba3c3973bf68bb9cd7fed5fd65afa8c361aad83b/utils/tests/gitlab-ci.yml,api.github.com/repos/dongsanche/wpt
dongsanche,wpt,gitlab-ci-test.yml,,,,2021-09-29,https://github.com/dongsanche/wpt/blob/ba3c3973bf68bb9cd7fed5fd65afa8c361aad83b/utils/tests/gitlab-ci-test.yml,api.github.com/repos/dongsanche/wpt
dongsanche,wpt,gitlab-ci-doc.yml,,,,2021-09-29,https://github.com/dongsanche/wpt/blob/ba3c3973bf68bb9cd7fed5fd65afa8c361aad83b/utils/tests/gitlab-ci-doc.yml,api.github.com/repos/dongsanche/wpt
dongsanche,wpt,gitlab-ci-clang.yml,,,,2021-09-29,https://github.com/dongsanche/wpt/blob/ba3c3973bf68bb9cd7fed5fd65afa8c361aad83b/utils/tests/gitlab-ci-clang.yml,api.github.com/repos/dongsanche/wpt
dongsanche,wpt,gitlab-ci-pybindgen.yml,,,,2021-09-29,https://github.com/dongsanche/wpt/blob/a653f42a946724ce8694437f372c345f97742da6/utils/tests/gitlab-ci-pybindgen.yml,api.github.com/repos/dongsanche/wpt
dongsanche,wpt1,gitlab-ci-pybindgen.yml,,,,2021-09-28,https://github.com/dongsanche/wpt1/blob/d56a3db06a2b186074d977ae5ba6e30e00b442b0/utils/tests/gitlab-ci-pybindgen.yml,api.github.com/repos/dongsanche/wpt1
dongsanche,wpt1,gitlab-ci-ubuntu.yml,,,,2021-09-28,https://github.com/dongsanche/wpt1/blob/d56a3db06a2b186074d977ae5ba6e30e00b442b0/utils/tests/gitlab-ci-ubuntu.yml,api.github.com/repos/dongsanche/wpt1
dongsanche,wpt1,gitlab-ci-fedora.yml,,,,2021-09-28,https://github.com/dongsanche/wpt1/blob/d56a3db06a2b186074d977ae5ba6e30e00b442b0/utils/tests/gitlab-ci-fedora.yml,api.github.com/repos/dongsanche/wpt1
dongsanche,wpt1,gitlab-ci-gcc.yml,,,,2021-09-28,https://github.com/dongsanche/wpt1/blob/d56a3db06a2b186074d977ae5ba6e30e00b442b0/utils/tests/gitlab-ci-gcc.yml,api.github.com/repos/dongsanche/wpt1
dongsanche,wpt1,gitlab-ci.yml,,,,2021-09-28,https://github.com/dongsanche/wpt1/blob/d56a3db06a2b186074d977ae5ba6e30e00b442b0/utils/tests/gitlab-ci.yml,api.github.com/repos/dongsanche/wpt1
dongsanche,wpt1,gitlab-ci-test.yml,,,,2021-09-28,https://github.com/dongsanche/wpt1/blob/d56a3db06a2b186074d977ae5ba6e30e00b442b0/utils/tests/gitlab-ci-test.yml,api.github.com/repos/dongsanche/wpt1
dongsanche,wpt1,gitlab-ci-doc.yml,,,,2021-09-28,https://github.com/dongsanche/wpt1/blob/d56a3db06a2b186074d977ae5ba6e30e00b442b0/utils/tests/gitlab-ci-doc.yml,api.github.com/repos/dongsanche/wpt1
dongsanche,wpt1,gitlab-ci-clang.yml,,,,2021-09-28,https://github.com/dongsanche/wpt1/blob/d56a3db06a2b186074d977ae5ba6e30e00b442b0/utils/tests/gitlab-ci-clang.yml,api.github.com/repos/dongsanche/wpt1
whitesource-ft,ws-examples,gitlab-ci.yml,,,,2021-02-23,https://github.com/whitesource-ft/ws-examples/blob/a14b9bc64284fb24fa463e8ed031f67dcb3b3c8f/Prioritize/Java/Single-Module/Maven/gitlab-ci.yml,api.github.com/repos/whitesource-ft/ws-examples
openbsd,xenocara,lava-gitlab-ci.yml,,,,2016-08-30,https://github.com/openbsd/xenocara/blob/bf4ec162c2ca572e96d339f03ae88e76b9a06da5/lib/mesa/.gitlab-ci/lava-gitlab-ci.yml,api.github.com/repos/openbsd/xenocara
openbsd,xenocara,gitlab-ci.yml,,,,2016-08-30,https://github.com/openbsd/xenocara/blob/697ca94d2b2c2c470391ea173dd1de4946c87492/lib/mesa/src/gallium/drivers/panfrost/ci/gitlab-ci.yml,api.github.com/repos/openbsd/xenocara
openbsd,xenocara,gitlab-ci.yml,,,,2016-08-30,https://github.com/openbsd/xenocara/blob/f849497afabf405433fe4a55898b9a102277df65/lib/mesa/src/gallium/drivers/iris/ci/gitlab-ci.yml,api.github.com/repos/openbsd/xenocara
openbsd,xenocara,gitlab-ci.yml,,,,2016-08-30,https://github.com/openbsd/xenocara/blob/f849497afabf405433fe4a55898b9a102277df65/lib/mesa/src/gallium/drivers/lima/ci/gitlab-ci.yml,api.github.com/repos/openbsd/xenocara
openbsd,xenocara,gitlab-ci.yml,,,,2016-08-30,https://github.com/openbsd/xenocara/blob/f849497afabf405433fe4a55898b9a102277df65/lib/mesa/src/broadcom/ci/gitlab-ci.yml,api.github.com/repos/openbsd/xenocara
openbsd,xenocara,gitlab-ci.yml,,,,2016-08-30,https://github.com/openbsd/xenocara/blob/f849497afabf405433fe4a55898b9a102277df65/lib/mesa/src/gallium/drivers/radeonsi/ci/gitlab-ci.yml,api.github.com/repos/openbsd/xenocara
openbsd,xenocara,gitlab-ci.yml,,,,2016-08-30,https://github.com/openbsd/xenocara/blob/f849497afabf405433fe4a55898b9a102277df65/lib/mesa/src/gallium/frontends/lavapipe/ci/gitlab-ci.yml,api.github.com/repos/openbsd/xenocara
openbsd,xenocara,gitlab-ci.yml,,,,2016-08-30,https://github.com/openbsd/xenocara/blob/f849497afabf405433fe4a55898b9a102277df65/lib/mesa/src/gallium/drivers/softpipe/ci/gitlab-ci.yml,api.github.com/repos/openbsd/xenocara
openbsd,xenocara,gitlab-ci.yml,,,,2016-08-30,https://github.com/openbsd/xenocara/blob/f849497afabf405433fe4a55898b9a102277df65/lib/mesa/src/gallium/drivers/virgl/ci/gitlab-ci.yml,api.github.com/repos/openbsd/xenocara
openbsd,xenocara,gitlab-ci.yml,,,,2016-08-30,https://github.com/openbsd/xenocara/blob/f849497afabf405433fe4a55898b9a102277df65/lib/mesa/src/gallium/drivers/zink/ci/gitlab-ci.yml,api.github.com/repos/openbsd/xenocara
BabaScience,yaml_file_manipulation,gitlab-ci.yml,,,,2021-10-12,https://github.com/BabaScience/yaml_file_manipulation/blob/44b553ed4746c453d77f83503363557e9f5e0d01/gitlab-ci.yml,api.github.com/repos/BabaScience/yaml_file_manipulation